ID,c0,c1,c2,c3,c4,c5,c6,c7,c8,c9
0,1.11474143431e-08,0.000258828267488,6.27264599253e-10,6.03656112316e-08,1.74192552836e-08,9.78353656296e-11,3.36468338646e-09,8.46127407879e-07,0.99973574845,4.48413263458e-06
1,4.14426885611e-10,7.46424204136e-11,2.6504538024e-13,0.00242159540312,2.58349627884e-15,0.997557225385,1.85893886273e-06,5.57005838152e-12,2.89250180135e-07,1.90305283397e-05
2,7.79931723438e-08,9.08133785434e-11,7.05787328994e-09,0.00934600686641,2.82278774872e-11,1.60721339416e-08,4.4573302514e-10,2.15419417424e-08,8.78382240093e-05,0.99056603168
3,5.01556502732e-14,0.977865322754,0.0205502226871,9.76227913438e-05,2.05782186112e-09,5.97084350455e-09,1.96589873492e-15,1.25100147743e-06,0.00148549226739,8.04696905176e-08
4,1.15300094612e-15,0.999261641317,5.509225329e-05,3.9013884068e-08,4.12778073478e-07,7.09112774598e-14,7.46677946855e-05,4.69792323541e-12,0.000608146837514,3.24846900907e-13
5,4.77549437272e-06,1.03727064655e-06,4.95459657374e-13,3.17722822426e-08,9.24504697902e-06,0.999689661937,8.09992756299e-07,2.27394203974e-17,1.80920560326e-05,0.000276346429159
6,0.998309243184,1.67990642405e-08,1.42077293269e-06,8.77089231494e-15,0.000743195919976,3.02568585016e-06,3.85540876353e-11,0.000936593770948,6.50382863076e-06,2.54182984327e-14
7,0.999877921666,9.47791164945e-09,2.30788859103e-05,3.83279652355e-07,2.70355468582e-08,1.20312309435e-09,1.99422877149e-05,6.88488746394e-10,6.99786158559e-05,8.65685996182e-06
8,0.0126684221398,4.21484129546e-06,1.82667790526e-08,0.000337522247894,1.41344397543e-11,0.000371359241379,4.77322562158e-13,2.86077214801e-10,0.020206064158,0.966412398804
9,1.31791986547e-09,3.27319112535e-09,1.4334978617e-11,0.000156185280067,2.38246293073e-09,0.999837917401,8.98854087879e-09,4.03604016054e-09,5.14760622827e-06,7.29700382227e-07
10,6.59784092309e-12,0.000428565776202,2.60310252106e-13,1.52630765041e-06,1.84779853193e-07,0.99924453597,1.25116486931e-08,1.09400909677e-12,0.00014736717854,0.000177807467768
11,2.28420786055e-09,7.45882020815e-09,7.82762179736e-16,3.1543807101e-07,2.831098828e-06,3.66432594462e-12,8.7544188473e-14,0.999996734535,1.09165474847e-07,1.58695775532e-11
12,0.000716057118201,1.54180875943e-06,1.90394005763e-10,4.2517919642e-08,1.97697565249e-07,5.76840672173e-05,2.79709694731e-14,0.99921838629,4.59179101492e-06,1.49851843812e-06
13,5.19085509212e-13,9.92771902617e-09,8.51548714655e-09,2.87768386576e-13,8.60596529117e-07,1.73565203316e-11,3.59897199202e-15,0.99994873598,4.98124543111e-05,5.72507371153e-07
14,8.91610140013e-07,4.21702103962e-07,0.998318926095,6.66229244678e-10,7.0910127277e-10,4.30322368936e-12,8.47532484044e-10,0.000106172144956,0.00157298694473,5.99276052655e-07
15,4.95624944414e-17,1.15951522786e-05,0.999579734429,4.95899279936e-07,2.53802205745e-11,9.47491520889e-10,6.48181406362e-09,8.45848320244e-16,0.000408167064314,8.70672841192e-15
16,1.2684968937e-06,4.46910346184e-09,8.11489690967e-10,7.66956945021e-06,1.07196058257e-14,3.65951391314e-06,4.70000569304e-16,3.7693093987e-12,1.65513465117e-05,0.999970845789
17,1.42238937814e-13,0.332881652269,2.72695231845e-17,1.37822572747e-15,0.667071008771,9.31200317081e-11,2.58287911473e-11,2.1615011434e-07,4.30239042402e-05,4.09878642364e-06
18,5.10602783699e-08,3.47892933554e-07,2.53294279799e-10,2.11733964331e-07,1.26029828609e-10,3.89570152711e-07,0.997368554745,2.08636518658e-14,0.00263043524117,9.377152294e-09
19,9.87183138914e-16,0.687794274071,6.51978626947e-18,0.312200804286,6.38711161192e-07,3.959299213e-12,3.89140191661e-14,5.95444377838e-11,3.82141988839e-06,4.61448317744e-07
20,1.44093656087e-05,1.25915436017e-12,9.27654011889e-12,3.20996832886e-07,1.43479155054e-09,6.34780359585e-06,2.95451426894e-14,2.26134082688e-11,2.268712643e-05,0.99995623324
21,0.992898218688,2.62988784219e-07,8.89621184254e-10,3.89937087717e-11,1.05549152396e-05,7.25901626006e-09,3.60026732547e-05,2.34841900337e-07,0.00705407458577,6.43119211461e-07
22,3.53000211418e-15,0.99887679105,0.000123660556902,1.02432324875e-06,1.77204230097e-08,6.10976292747e-09,2.57714061137e-12,1.79727527243e-05,0.000980327354912,2.00129298969e-07
23,1.68621745211e-14,0.997755291881,6.20510824579e-07,1.2065290189e-08,7.79380806771e-08,2.79206519362e-11,4.01180068534e-10,2.79880076532e-07,0.00224371172604,5.56978931622e-09
24,1.19319571856e-12,0.994877907798,5.32320604005e-06,1.29030727325e-07,1.26888517629e-07,1.49795689421e-06,5.1742460749e-07,1.64838610109e-05,0.00509800511616,8.7171687069e-09
25,3.6984666284e-14,4.66975564358e-09,9.82044074296e-07,0.999795080416,1.92324642897e-15,1.77935510507e-05,6.03443086723e-10,2.75843122187e-11,0.000185154224513,9.84463998157e-07
26,6.75352452705e-10,4.03787629793e-08,6.84128051163e-08,3.43150803798e-05,2.75374552523e-08,5.91446359029e-09,3.3920928343e-16,0.99993146352,3.40784780337e-05,2.81122849158e-12
27,3.49426498139e-12,1.60163733496e-07,0.00875935230785,0.990848091816,1.30910904799e-15,7.03959144378e-09,1.28361727953e-10,9.05442277336e-05,0.000269066076937,3.27782362461e-05
28,2.88041663713e-11,3.43551186619e-08,0.999971779572,6.55130995203e-07,1.3721106621e-11,4.4535639844e-09,3.73004229698e-10,3.75238400144e-11,2.70358020056e-05,4.90233043171e-07
29,8.79603301481e-14,0.997684013317,1.97352753607e-07,5.99199406932e-12,7.02165521831e-08,7.48332350581e-10,9.19657029469e-10,8.5847653128e-06,0.00230694739247,1.85282023121e-07
30,3.13696264161e-13,3.26598079837e-07,0.999148731416,5.43021684866e-08,6.51039865564e-15,0.000212747009501,0.000541040542351,2.2454801316e-19,9.71001314839e-05,3.40980755727e-13
31,1.06801295584e-13,0.000201817128627,6.17636291879e-09,0.9981071331,1.27864196653e-14,0.000148934869295,8.69877255164e-12,1.85852591896e-13,0.000332839974682,0.00120926874218
32,3.23005015515e-08,5.45783224237e-05,0.785146180432,3.88104652885e-10,7.81885185847e-12,0.0116000550152,0.00437408353968,9.23508256247e-19,0.198822420242,2.64975292878e-06
33,2.78394684326e-07,0.000445404939222,3.21412568895e-15,5.32678821709e-11,2.18753890552e-06,0.00449312002744,5.00788208797e-11,5.07712049546e-09,0.000844591063921,0.994214412855
34,0.00598045560903,0.240044563037,6.57521316062e-05,1.65128009036e-13,0.00972721207321,0.0325904139294,0.00721797381863,2.5793606759e-11,0.233135942132,0.471237687243
35,6.02815661226e-05,7.52936045071e-10,2.76843287606e-08,2.7926745835e-12,0.524595566672,4.54308475344e-07,0.475098650364,9.62444086943e-12,0.000245018639798,9.42002598935e-23
36,6.36350601785e-05,3.06240753004e-07,1.81005479651e-10,2.07639746139e-15,0.996692954392,1.57410223825e-12,5.49735885527e-06,0.000638646806644,0.0025989599592,1.74185996364e-17
37,9.46304933701e-07,0.00334365487779,1.78639398094e-08,0.00125375234449,1.44485064153e-09,0.950913026033,2.03092711109e-07,6.29605395575e-06,0.0110713585687,0.0334107434159
38,1.32422117947e-05,5.10381800049e-05,1.49143151303e-12,3.07820786128e-18,0.9998901051,3.56590094091e-10,1.29370769101e-05,2.17408487031e-06,3.05029881577e-05,4.38394023831e-17
39,3.23562295131e-08,9.07262978991e-11,4.74185908511e-10,0.00157041463097,5.45287091087e-14,4.17089402967e-07,8.282232399e-15,1.12026807216e-09,2.89016306989e-08,0.998429105337
40,0.99970383299,2.6280785607e-08,6.59020876641e-11,1.26725432338e-06,1.29467228527e-08,4.74861752684e-08,2.20665418408e-08,6.9148771191e-08,0.000286337108909,8.38465180789e-06
41,2.31874837424e-09,1.98869458419e-05,1.89095479921e-13,1.85430456106e-08,5.12454693502e-08,0.000523211387896,0.999454116926,7.267844741e-15,2.71245393221e-06,1.78602674832e-10
42,2.24902733808e-08,1.05225177641e-10,2.04106250457e-07,0.00578218181989,5.77900729898e-08,7.17430918209e-08,2.53974783705e-13,0.994199998443,1.74633130326e-05,1.89342963409e-10
43,0.999181020278,6.25174737827e-12,0.000805310130158,2.4510907165e-06,1.44146308768e-10,3.31584830585e-08,9.68990164418e-08,3.96552991611e-08,9.8665753825e-06,1.18206302448e-06
44,3.2649561239e-07,3.1191270402e-05,3.2667021991e-12,7.98810925425e-09,2.08874353891e-06,0.00182041176958,0.998027949292,2.21148357272e-13,0.000118024435456,1.88069501823e-12
45,1.56173233526e-15,0.996683733933,0.00219975478764,0.000810003463707,8.54196049523e-06,1.52788791493e-07,3.1801056663e-10,1.07996135778e-06,0.000296732296772,4.90159931829e-10
46,0.999700494418,1.52427387678e-13,1.3832440599e-05,3.57032916779e-06,1.25470579576e-10,5.4100614506e-07,9.1380421152e-07,3.68726779005e-10,0.000280407471239,2.40035828784e-07
47,1.58408698392e-08,1.63994160971e-08,1.13353495846e-06,0.149391730732,1.70229736656e-09,3.0817272979e-11,6.3605121483e-14,0.844937490465,0.00566961124861,4.58997022793e-11
48,0.99994612463,3.24755021635e-11,5.26559312579e-05,6.17462311045e-09,7.16981029118e-08,1.6929980565e-07,6.66772223964e-11,1.36966057e-07,7.56556770738e-07,7.86439008869e-08
49,1.65116248184e-10,0.0686517375205,2.42293429423e-13,1.0478172426e-20,0.931138300359,2.09127706417e-12,1.52297483492e-12,1.9035456677e-08,2.8575951604e-05,0.00018136696496
50,1.19109804555e-08,5.344466933e-08,2.86233338095e-10,9.51005810261e-06,1.48594483376e-13,0.00116964032679,3.17884654935e-13,5.24074430243e-13,3.49564660606e-06,0.998817288326
51,1.02814177999e-05,1.96609039421e-06,3.02769034738e-11,5.72010819356e-10,1.73838856741e-05,2.48409706884e-09,4.60117617261e-12,7.91217175683e-10,0.0171243821878,0.982845982536
52,1.01714411348e-09,5.71457117802e-05,7.50628320602e-05,0.00157337429895,1.66511344703e-10,1.11413261986e-07,5.58593439743e-10,0.000263021768403,0.997216274157,0.000815008076745
53,1.02156508189e-05,0.689640340955,2.42530112981e-09,9.26895137615e-06,1.02880714049e-05,5.40808990236e-11,1.68333346699e-12,4.54755242033e-10,0.00215644254892,0.308173440886
54,7.16494903513e-12,3.49836863572e-06,5.04928991467e-05,1.4601752646e-08,1.34889578079e-09,3.10490274231e-09,2.78316892622e-08,2.21426760299e-06,0.9998555408,8.820677066e-05
55,3.13019703588e-10,8.88745032558e-09,3.75765483705e-14,3.77796399924e-05,1.36214873175e-11,0.999940251566,1.2860913212e-09,1.3274889716e-10,5.20868729933e-06,1.67494737537e-05
56,8.98636521517e-11,3.19757765445e-07,1.1329093071e-05,4.18198107674e-09,1.26420146284e-09,9.66269966657e-17,4.47991554823e-16,0.999977513095,1.08314584866e-05,1.06007685999e-09
57,8.52456495884e-15,3.87928404353e-06,4.47411813298e-08,2.59266722267e-09,1.98411246823e-12,0.999949139674,1.20230556204e-11,4.69082941486e-05,1.15314094576e-08,1.38680662002e-08
58,1.6480128461e-10,1.63319203231e-05,1.09802557782e-16,7.01844436655e-11,2.26643429234e-06,0.999943025933,3.57017380415e-06,3.29394198215e-05,1.86465517894e-06,1.22822378449e-09
59,0.000579636158748,0.000106854632063,3.27592882796e-06,5.17639991323e-05,1.87287364597e-11,0.000148540542304,4.75821305331e-13,1.66910752421e-10,0.000207785728813,0.998902142824
60,6.06376525937e-11,9.96653887276e-07,1.94480928733e-09,0.00070003398582,1.24646654081e-10,2.74786230373e-12,0.00149532930355,5.85868420841e-14,0.997768405471,3.5232453335e-05
61,1.11761132402e-06,0.000662232194657,1.36337931162e-14,2.8837457213e-11,0.999260573152,4.49928276431e-07,5.59799917429e-05,1.58163830103e-06,1.80654546243e-05,4.17157021074e-14
62,6.32990378978e-07,3.11566743089e-08,2.90664043088e-05,3.57531990062e-14,0.00196338765376,7.74224466088e-15,8.72815158928e-13,1.96977015121e-05,0.996793447341,0.00119373675117
63,0.999209132456,6.80666365533e-07,3.14866983724e-07,1.34687536784e-13,0.000697725834589,2.21577215892e-12,7.0328419155e-05,2.17814780598e-11,2.18177310959e-05,1.34326590638e-12
64,1.16862686554e-14,0.998622326756,5.06215320044e-06,6.75442293314e-10,7.29693066749e-12,0.00127946107463,2.16687534646e-06,6.18067007513e-20,9.06850247129e-05,2.97432995416e-07
65,1.16856115674e-10,4.26358778052e-07,1.14202143072e-14,0.00090870209881,1.27076864399e-12,0.999056568601,6.28272319124e-07,3.35972472899e-05,1.52525040097e-08,6.20515092298e-08
66,8.01359536237e-12,9.27629837789e-12,4.16987244997e-08,0.999620731498,1.4115215188e-17,7.68168714103e-09,2.68192642469e-16,1.70854046326e-13,8.70959492118e-06,0.000370509509027
67,8.85233974828e-14,5.12313039531e-09,4.1067320947e-08,0.99518029914,4.40078812274e-13,0.00476017822243,1.87539165809e-12,5.96702808872e-13,5.87764532498e-05,6.99991055903e-07
68,2.43929612965e-11,1.0433537164e-07,0.0665105730765,3.58904062661e-08,3.03579620744e-07,8.46173172241e-11,5.21816330798e-10,0.933484973665,4.00850510526e-06,3.16838137366e-10
69,1.43663281209e-08,1.12921665813e-05,1.46342733396e-08,7.49691295255e-09,0.000258622337663,1.89479143387e-09,0.999725700097,4.67623325919e-08,4.30023674545e-06,7.85462821774e-12
70,6.85300560101e-17,0.99989320462,5.67176258159e-10,1.41094351211e-05,2.68150003407e-12,1.11558192936e-07,5.55071596807e-07,3.25093911766e-20,7.34485705971e-05,1.85701749248e-05
71,1.12979563443e-10,0.976472860239,3.31279434444e-15,0.000431349718561,0.000138570815148,9.13527260922e-13,1.50442825271e-11,8.07226668662e-09,0.0181706457913,0.00478656523507
72,1.89417086887e-09,2.1597732009e-06,1.50433616224e-08,0.000557326507019,7.80268180238e-15,1.13127626224e-11,1.81122345399e-07,5.59134067471e-12,0.998988641869,0.000451673773837
73,5.02797720633e-10,0.00303451087099,0.996964764979,3.47704047475e-11,3.18539760471e-13,7.53840003865e-10,1.06288287178e-17,4.52887588991e-09,5.13826081165e-07,2.04502834981e-07
74,1.08443887857e-10,0.198532591153,8.86995592862e-06,7.54085094902e-12,0.64489609373,7.07917526439e-07,1.05869534639e-10,0.000371611652692,0.0345232488451,0.121666876524
75,0.000596964683121,1.87380212551e-09,0.000165558285478,1.00000223807e-05,3.57284370662e-07,3.00926181274e-07,0.999220791444,3.42450046203e-06,2.60098047709e-06,3.40044351454e-17
76,5.61514093528e-11,3.48485992694e-07,6.96884479992e-09,8.70613211905e-11,4.36558386955e-09,7.05220962141e-10,1.69954343772e-05,1.53757832629e-13,0.999961395719,2.12481775505e-05
77,3.30507626131e-07,4.28236276812e-07,1.61559179075e-07,4.82650446515e-08,6.21832502112e-05,7.1548502773e-09,0.994631390026,9.19546134773e-15,0.00530545100057,1.0726910265e-15
78,5.60269479914e-13,7.41304561571e-07,0.999982253297,9.99260645259e-08,3.80016382475e-16,3.06757419057e-06,6.85465909445e-11,5.12656388996e-14,1.35372092528e-05,3.00620132277e-07
79,2.07631506287e-13,2.59068355083e-12,9.82693355343e-07,0.999947477214,1.48791196116e-16,8.70187562756e-06,2.26153981962e-11,6.75796850425e-07,1.83889012856e-07,4.19785055561e-05
80,2.43767964212e-13,0.958202967092,6.66730433579e-15,0.00366635827452,0.000513621633984,3.82597949279e-12,7.37383367697e-08,3.3007898648e-10,0.0376169780088,9.17753991781e-10
81,2.2287062724e-08,2.03301637303e-11,6.18960826059e-11,0.000170971043374,2.40420280122e-10,6.19428297517e-13,1.35032359742e-05,2.55908428773e-10,0.999793690853,2.18120016335e-05
82,5.87492514148e-07,2.12209948701e-05,3.49289600914e-10,7.42196078903e-13,0.974500667235,2.55626545877e-11,1.71254774536e-11,0.0254225839189,5.49399662053e-05,4.82258168312e-20
83,3.20987862314e-10,8.31708473403e-09,8.02172053345e-15,2.63686936396e-05,1.17923260227e-11,0.999971145319,1.88416321872e-07,3.19760444316e-11,2.53058859385e-10,2.28863567527e-06
84,1.16721643558e-07,9.5865594692e-06,5.70589577693e-08,7.21730225071e-10,7.28704754492e-07,6.82243916244e-09,0.999873440924,2.5873347126e-10,0.000116062228623,2.565067208e-16
85,7.49912929425e-11,0.000171189394901,3.73063925318e-12,8.09002617855e-20,0.999800409023,2.3826935534e-11,2.11126152866e-07,2.78998310961e-05,2.90518229326e-07,4.40703336648e-12
86,2.35536586857e-05,6.83373451854e-05,8.56323540581e-06,3.77785815844e-07,1.15996230308e-13,1.16505175954e-05,2.39181602693e-16,4.68229758158e-11,0.000669210847084,0.999218306563
87,2.04085298092e-09,3.64931260252e-05,1.08080963368e-10,0.000556654947569,1.57971062006e-14,0.996761029514,6.77550182174e-08,5.40487143187e-13,0.0018956211558,0.000750131352057
88,1.32192071206e-07,9.2022235579e-11,2.04002867264e-11,0.000293274808755,5.81450217125e-12,7.45435658394e-05,1.79966898364e-14,5.50929890465e-11,1.16924307348e-05,0.999620356829
89,1.97941038348e-08,2.92192344294e-08,1.77701412311e-09,3.45803476616e-05,5.91229261441e-09,4.14250183418e-07,7.72291544991e-10,1.01131045573e-09,0.999702622649,0.00026232426655
90,2.604482883e-07,1.46957641596e-09,4.18464050367e-07,7.22410448291e-08,1.95196153452e-06,4.32690812033e-12,1.42811039928e-05,4.40289716526e-07,0.983893132049,0.0160894419686
91,4.2909742125e-09,2.69827074705e-08,0.999955275523,4.45209902603e-05,6.93289093734e-16,3.54542575822e-11,1.12609923105e-19,1.93985319504e-10,2.07720353676e-08,1.51211868881e-07
92,2.99112199393e-08,3.55417765039e-07,1.39820584527e-16,2.46194737496e-06,1.73678395975e-08,0.997695270714,0.00101530093253,9.83232071933e-15,0.00128548824946,1.07545941125e-06
93,3.35671650501e-12,3.19719703108e-10,3.12460285421e-08,0.994404053997,2.91795544386e-19,6.85835671582e-07,3.78624326245e-18,5.86448173594e-11,1.79948032658e-06,0.00559342905904
94,3.04293704884e-06,1.35680393545e-05,4.95422880126e-06,2.23037118946e-07,1.40123370669e-05,2.99603629747e-09,0.994879358658,2.05309078342e-16,0.00508483776623,7.0142548702e-15
95,1.466443659e-16,1.35933681832e-05,0.999986347128,2.27448805583e-12,3.22282940011e-10,7.79592350271e-11,4.37561857212e-16,1.57460314361e-16,5.90228133193e-08,7.81240864945e-11
96,2.92239397635e-07,1.49307676026e-06,0.000525776075503,0.355395357829,5.95580000905e-09,0.644070562531,2.70360000448e-10,3.76385410635e-09,6.40464111078e-06,1.03617377554e-07
97,0.00603580871322,1.39648933872e-06,1.34115450987e-11,7.90464622853e-21,0.993960508514,7.92924144252e-12,2.76553779264e-07,1.07280010749e-06,9.36907923299e-07,2.18853769364e-20
98,2.60042001183e-07,4.61272248433e-06,6.93016171897e-05,2.78474699471e-06,2.01567220441e-05,1.60099113066e-09,0.999753359128,6.23811955925e-08,0.000149461039417,1.3658066714e-16
99,9.8727828147e-13,0.42983792832,0.096070472036,0.000101713882868,1.70973616889e-14,4.8132902753e-10,2.37490179384e-07,4.53969361105e-12,0.473989640793,6.99107675835e-09
100,1.62839862108e-08,5.99545791481e-08,2.0390197813e-09,1.22988074119e-08,5.49481855335e-08,3.86433566771e-14,1.38362887726e-16,0.99990423596,9.39818303109e-05,1.63668484606e-06
101,0.999427811359,5.19116912141e-06,1.66385079648e-10,3.16233328173e-12,1.35518824602e-07,6.92786780987e-11,1.37908965039e-08,1.88683520242e-07,0.00053830912787,2.8350112049e-05
102,4.48735250911e-12,7.49013607549e-08,4.0323826548e-10,7.80655467069e-14,5.1160720811e-07,1.12114101381e-11,3.31323272508e-18,0.998703551844,4.70458168344e-05,0.00124881541144
103,1.88389926134e-06,2.40884380412e-06,7.92189471562e-12,5.74107398818e-06,9.70231938241e-07,8.83149178467e-08,0.999595965938,2.68242373704e-11,0.000392911302903,3.03606326717e-08
104,0.0372443048965,5.40242983731e-08,1.30937788815e-06,1.22098874371e-05,8.43569970871e-11,1.53771287376e-07,3.88935059577e-14,8.89277893452e-11,0.000169474306921,0.962572493562
105,0.999998402938,1.28277184466e-10,1.05708700281e-06,1.83656241333e-10,3.29506534659e-08,8.80291080365e-10,4.67433967023e-10,1.73557795854e-08,4.34522782594e-07,5.34857015303e-08
106,3.65718990302e-09,2.74380323243e-07,9.36134946654e-09,1.84467203101e-07,4.46848272005e-09,1.14327905943e-11,6.82574293142e-05,1.43739041442e-12,0.999931265467,7.56035152744e-10
107,3.87273819461e-06,3.37015253945e-07,8.05876632961e-14,1.15010967325e-15,0.999785373348,2.87431572878e-19,8.14598563699e-11,1.32573511299e-08,0.000210403559665,6.20689967647e-17
108,1.02912456489e-07,1.65306613056e-08,7.49852439199e-07,4.50746789131e-09,8.06210953634e-06,6.0230832255e-10,0.999983949041,2.60121192069e-10,7.11418394323e-06,1.60836345527e-13
109,2.76530166538e-10,3.50226796936e-07,3.64637882934e-07,0.000699806289556,4.66673513335e-14,7.30537225538e-13,0.000251511725262,1.31701733349e-10,0.997946659545,0.00110130716636
110,4.42924448866e-12,8.85503515491e-08,2.03004586142e-08,2.9521126458e-13,8.41427762341e-07,2.22225509523e-12,1.1870637684e-17,0.99746640409,3.25356166554e-05,0.00250011000796
111,3.63141425925e-06,5.99352919809e-06,0.999989831453,8.04938075026e-09,4.46360443228e-11,1.42086984932e-18,3.29444427198e-16,3.65558159757e-07,1.69937104269e-07,1.40987163611e-11
112,1.41674686578e-06,3.01695533974e-05,2.88608539708e-09,1.6841560602e-08,2.51104478409e-10,0.000153955987588,1.4386077934e-13,0.997886485161,6.93719674102e-07,0.00192725885209
113,2.17967067385e-09,0.0506612282575,5.62853886027e-15,1.15353421307e-07,0.00114840484967,2.61306056446e-06,9.56830901463e-12,0.00114434841055,0.0108882208274,0.936155067052
114,1.98521655132e-09,0.0258810492203,0.00280281362586,0.217867775182,9.77688576588e-16,1.16532376743e-05,1.33999816937e-10,1.85579565514e-12,2.38004102106e-05,0.753412906203
115,9.23683534948e-06,3.28729565449e-10,3.68227107432e-11,2.7226692984e-15,0.999281843177,3.68857071982e-12,2.19943269795e-11,0.000703457345755,5.46225032013e-06,4.5025015276e-17
116,6.41260715488e-08,4.28693322476e-09,5.51053914211e-05,0.0041491181078,2.34844861748e-10,9.26636897546e-10,0.994391127773,3.30284280816e-08,0.00140454612445,1.23663777435e-16
117,0.000665045566927,1.07395061346e-06,6.28022304524e-13,6.29371964633e-08,3.79481974109e-06,0.0465917832242,1.31770110593e-09,1.83225789394e-08,0.0140369051567,0.938701314704
118,8.66866778558e-09,5.4557087765e-07,2.56722181021e-05,0.999881607482,7.51127824398e-18,3.98729161837e-05,1.0447006194e-12,6.32105776295e-11,1.11996316022e-06,5.11731168808e-05
119,1.8949482214e-09,2.26302607699e-07,1.62842622589e-13,2.66714365723e-05,1.34442731677e-09,3.52032818025e-07,2.23261828169e-08,4.95871035859e-09,0.992713778779,0.00725894092469
120,1.92025110416e-08,5.55078790283e-07,3.3599173778e-10,4.43922050655e-09,8.28516971282e-08,2.0004116376e-08,1.82337818183e-11,4.59476825888e-05,0.999948884445,4.48594146145e-06
121,3.1424347018e-06,1.99364360012e-05,4.50274047459e-06,0.000851480494662,1.66915685686e-11,2.70455174684e-10,2.63203825291e-10,3.44668793827e-14,1.38780052392e-06,0.999119549543
122,2.26550949964e-07,3.15114494419e-07,8.67067596284e-09,5.36868010026e-06,6.14922791143e-10,0.994384545575,1.10835923883e-05,2.25468198917e-16,2.08397676777e-05,0.00557761143368
123,1.22218210536e-11,0.974428659726,5.73531362757e-07,3.62180589377e-11,1.53550034445e-07,7.52674369065e-07,2.1660550052e-08,1.05086925364e-06,0.025558962467,9.82547334339e-06
124,8.59845060738e-09,2.29237379381e-08,6.11558971124e-08,7.14435699307e-17,0.999682262657,5.34589542592e-08,0.000292655136219,7.48811194162e-11,2.4935994541e-05,1.62616016623e-23
125,1.17951851807e-11,2.46354151262e-10,0.999996067592,1.13374108844e-07,6.43996543191e-17,4.41128442078e-10,2.92522500122e-12,1.1192173595e-10,3.15898864509e-07,3.50232133026e-06
126,5.73852040379e-13,1.80294839592e-07,9.25044957842e-12,7.65558121221e-05,1.43945033347e-07,1.41575940547e-08,4.28588700803e-14,0.999918741569,4.17296413897e-06,1.91247637142e-07
127,0.000186157121507,3.79049854998e-05,1.35500350603e-08,1.38006473924e-08,1.02546600297e-08,0.256938196111,2.2763278925e-11,0.737705261343,2.08028970279e-05,0.00511163991393
128,3.21467552575e-11,0.977861314152,2.27494056557e-09,2.18037765907e-17,1.33759641065e-05,1.40397303636e-12,2.68815861979e-13,0.000273582319381,0.0218502565016,1.4687537784e-06
129,7.51766002195e-07,1.20469604511e-07,1.01813672357e-09,2.04042714264e-06,1.82060328878e-11,0.604921858482,3.2750435845e-06,4.83698487917e-13,6.64313311619e-05,0.395005521443
130,1.27147381806e-06,2.16576658986e-05,3.34973085144e-13,3.30821266093e-08,2.75300737259e-06,5.11456178655e-06,0.99988373953,5.20764920054e-12,8.54289083274e-05,1.7648585262e-09
131,2.39047552891e-10,9.6672497608e-05,1.97960896767e-07,4.10959641394e-09,1.43705531766e-08,1.31088468079e-08,2.16148093014e-07,1.05381083754e-11,0.999897751474,5.13008067002e-06
132,3.67231933619e-06,3.07715905472e-08,3.90040876421e-17,1.91909604092e-07,0.000300211159058,0.428660651792,0.562403163267,3.57238409791e-12,0.00863200521574,7.35622871232e-08
133,2.88341954508e-06,1.30991264722e-07,3.65651121254e-08,1.82462040027e-07,9.38431103912e-06,7.04260238239e-09,0.999004519148,1.10128671859e-08,0.000982845039453,7.57821115023e-12
134,1.32903466888e-10,2.05594477034e-10,5.06582084217e-14,0.479695193784,7.9667066105e-13,0.520065966222,2.59200305227e-06,4.02602919043e-14,0.000235269246725,9.78405179404e-07
135,9.02410604082e-13,4.22978261997e-05,1.70548793931e-05,0.999805616636,7.65770146746e-17,6.4245337839e-09,7.04060765909e-16,5.7058086856e-12,4.2196241024e-05,9.28279867391e-05
136,7.04665822651e-16,0.997056865767,0.00162220793456,1.66438457824e-07,2.2619252112e-12,5.15785318701e-08,0.000722080130065,5.99802570388e-21,0.000598625943257,2.20611510921e-09
137,1.30400229833e-10,7.31861938389e-10,1.81042468252e-12,0.000250393736895,2.40022297212e-13,0.999531293687,2.39861715505e-05,6.69709108192e-11,0.000100808740682,9.35167321346e-05
138,4.31538080865e-08,0.000143838302831,1.77891114321e-11,1.94495764557e-06,7.41896008687e-06,0.00809530397529,3.51981599626e-11,0.394101672267,0.000610799504275,0.597038978826
139,9.58690194651e-06,7.03698776437e-05,2.95761010276e-09,0.00545576975548,8.75403719674e-12,0.000109479877436,2.9831233102e-10,0.000171494047901,0.992097513056,0.00208578321848
140,6.4269543874e-10,0.596801994767,3.13898847826e-09,6.5995123105e-11,3.98915727471e-07,4.7866846277e-15,6.01936962472e-10,0.00860766169537,0.394589878514,6.16576933484e-08
141,1.95678495063e-11,1.69707869713e-07,0.999970667942,9.26198671612e-06,1.25448226426e-18,5.11981005268e-08,2.62374385068e-09,1.34622745261e-11,1.96832437298e-05,1.6326436707e-07
142,1.35552012533e-12,9.54222017845e-07,0.999693030896,0.000305981166633,9.15792955633e-14,6.17962542236e-10,2.29154305659e-16,2.02310826072e-12,3.28735441741e-08,2.20178104464e-10
143,4.69418653252e-09,3.04802966704e-07,2.10340657258e-09,0.839010342812,1.17300142476e-12,0.160159315792,1.53814251506e-07,1.27799515226e-08,6.18600175966e-05,0.000768003182204
144,3.602688971e-06,0.000289481177388,1.21480647218e-07,9.10508314367e-05,2.97093768315e-11,0.998643979169,4.89489506353e-09,1.40928800753e-12,0.000882964311611,8.87954147518e-05
145,5.27294301943e-07,2.76332456478e-11,1.0294511682e-08,4.74092462756e-08,1.00865411686e-07,1.82104627019e-11,2.44246730871e-09,3.31957038035e-10,1.89642850147e-06,0.999997414888
146,6.22352482107e-08,6.51334960505e-07,6.31042201688e-13,2.15376307646e-10,0.999499602549,2.11189506826e-10,1.44780956876e-10,0.000399536623605,0.00010014668568,1.03882388998e-20
147,6.14405457553e-12,5.22620554253e-11,5.95528284652e-07,0.572209249424,7.14795944034e-15,1.97324447538e-11,1.57233064215e-16,3.56748127214e-10,0.427790150628,3.98442976402e-09
148,2.71896538058e-13,3.52593846255e-10,3.43518691977e-06,1.09297847217e-05,5.93343393228e-11,6.7640867537e-05,8.18426890686e-12,0.999716689685,0.000201304054394,8.24697926256e-13
149,1.21787182673e-13,0.994544458602,2.93371574457e-09,0.000294975204471,6.53630200793e-07,1.78524768625e-06,7.96641984131e-11,3.69214673896e-14,0.00515689561474,1.22868716738e-06
150,5.55111029054e-08,7.81309873251e-08,2.47861281432e-08,0.716418314902,7.089995178e-12,0.000234114447343,2.69339381574e-14,3.18923407027e-08,1.96131307933e-06,0.28334541901
151,6.74072841498e-07,2.88173147168e-06,8.90844504951e-14,0.0047490612869,9.68625837833e-12,0.000174640672837,8.30622358078e-10,7.66534498115e-15,0.00460817812916,0.990464563266
152,2.48746640047e-05,1.84741350242e-05,3.23286761864e-05,4.84301783205e-07,2.14939798664e-15,1.16779150853e-07,1.08897964175e-18,7.40630000361e-11,4.94517564393e-05,0.999874269613
153,7.33448960235e-05,8.82534040648e-06,5.48477148318e-08,1.22735654502e-09,0.999134930709,5.17559403027e-06,0.00076945270526,7.53194197111e-09,8.20714481628e-06,3.40926285902e-12
154,0.00289663952106,3.6415840585e-05,2.63578566333e-07,1.52575894147e-06,2.69250905259e-07,2.74763254358e-05,3.45632163908e-12,0.928130863249,2.79258640725e-05,0.0688786206079
155,2.57723647633e-09,3.08403426086e-07,1.37233832479e-05,1.5750902637e-06,8.3196534677e-06,2.77832956154e-11,0.999714725486,1.49457323024e-07,0.000261195903663,1.73436923675e-11
156,0.00464956159181,0.000219872438477,1.58412088135e-08,1.01189911047e-07,1.05697519341e-07,0.136211991426,7.57410347426e-13,0.833842062661,3.85946641213e-05,0.0250376944893
157,0.9998968789,8.82267080904e-11,1.34045312341e-08,3.19401092373e-08,6.80046488098e-05,2.80561704984e-06,9.02517985746e-09,5.23787257979e-06,2.69815375604e-05,3.69660095552e-08
158,6.04757069495e-14,1.73427109289e-06,0.999615818044,1.1574416609e-06,1.3539907249e-10,4.64292650821e-06,5.30520158769e-11,7.36315767651e-14,0.000376647128494,6.34213805332e-15
159,2.08326298997e-10,3.72385582487e-07,0.999932364623,5.34564399986e-08,1.41532993369e-10,2.12578568362e-09,1.82509861754e-11,1.46756514706e-05,5.25313899917e-05,1.01665699118e-14
160,5.05481186328e-15,4.46240436579e-07,0.00021569571735,0.998306372288,9.44912709134e-13,3.19134969679e-06,6.18625593043e-10,5.26417623646e-11,0.00134163670172,0.00013265703043
161,2.51829191365e-12,0.874334643822,9.79492137162e-10,1.87375531754e-10,1.79573101598e-05,1.50482094276e-10,4.97193300168e-11,9.12241288661e-05,0.125556166153,7.21636220356e-09
162,6.7991212489e-15,0.989875187688,0.000444782910328,0.00900594089751,3.25917354476e-06,1.82013983671e-07,3.11556351064e-10,2.92515992126e-06,0.000667716332782,5.51241175787e-09
163,0.999988936427,1.19391191646e-08,2.34841924923e-07,9.00590757554e-10,4.30237424981e-06,7.79745392376e-11,1.04412067389e-06,1.26090366799e-07,5.3432271987e-06,1.16032800006e-12
164,6.69790965155e-06,0.00548317676733,7.95877237082e-05,3.22295220572e-09,0.000203503876162,8.11509044031e-08,3.29890409847e-07,2.81397949371e-06,0.994223805309,1.70590098439e-10
165,1.46577136452e-13,6.22990634747e-08,0.999997997374,1.93762991164e-07,2.107087045e-13,1.34567035022e-09,2.69431112968e-12,5.0872389254e-12,1.56567956733e-06,1.79530525176e-07
166,5.91338030903e-09,1.16913791464e-09,1.14301479753e-15,8.61799882697e-09,4.5138149874e-08,0.000442470494959,0.999557309736,3.9616783074e-14,1.57287160527e-07,1.64315036014e-09
167,2.83954846864e-11,6.0157127598e-12,2.79723386088e-06,0.996349008582,3.00254763014e-16,5.26141350442e-07,1.27865255437e-11,1.24901579169e-07,0.00362483967482,2.27034195199e-05
168,1.38369067824e-06,0.000570127563893,9.29506941017e-17,7.09809106298e-14,0.996221908335,7.57559049822e-10,2.74357342415e-09,1.29603073102e-08,0.00315516437691,5.13995723758e-05
169,9.33409330172e-05,8.68254428089e-10,4.84547062524e-05,1.39690090592e-07,9.43326989185e-05,2.07642887514e-08,0.998910008712,6.62218537297e-09,0.000853695005462,1.69108536503e-16
170,5.91428301738e-08,2.03120810555e-07,6.84471565179e-10,1.62737259638e-06,1.60191912363e-13,1.15380552149e-10,4.32292271315e-16,3.48397066347e-09,2.41224875798e-07,0.999997864855
171,6.87584866316e-16,0.995194782596,9.31566071812e-07,2.08941685884e-07,8.76573319655e-07,6.70266591501e-08,8.31844597568e-10,1.48419817578e-07,0.00480298247308,1.57182925076e-09
172,5.07342733592e-07,5.50776987806e-10,2.78258485586e-09,7.77572669418e-08,1.52776350624e-09,6.4591343762e-09,0.999306075258,2.74159067911e-11,0.000693328202546,9.15555605489e-11
173,7.07307450421e-11,1.16119274112e-06,6.15299746571e-12,6.90841524148e-14,2.37254129317e-07,6.71803440768e-14,4.83130395629e-19,0.999937792176,1.7607374823e-05,4.32019254986e-05
174,0.0011147681013,3.84042103403e-06,1.89170783274e-11,1.29777962199e-07,7.77281298676e-07,2.09032769186e-09,5.36574722401e-12,1.89836631344e-11,0.000239509777029,0.998640972508
175,5.05417243194e-06,1.65501926888e-07,3.35800252585e-05,3.6926477513e-10,4.18000556022e-08,8.25019756485e-07,1.04899769618e-06,6.00953370233e-06,0.999755709994,0.00019756458549
176,2.28116033518e-11,5.71928376917e-11,2.91533586283e-06,8.69061625232e-12,1.11195500895e-06,1.11756472876e-11,1.96889050073e-12,0.999982324689,1.36479178125e-05,4.91214441393e-14
177,6.10765831346e-07,6.05175027347e-05,5.39157570316e-14,5.30409515995e-15,0.937166366201,3.98167636332e-16,9.93825115722e-07,1.87832787769e-08,0.0627714928951,2.72876055211e-11
178,3.38565814774e-11,2.07628144749e-06,9.93426086921e-13,0.00457357604092,2.03989937798e-12,0.00011029332791,1.0202791389e-12,2.1155782057e-11,3.57158231321e-05,0.995278338468
179,1.08354987834e-07,9.3451908061e-11,1.09240874527e-12,0.367466426167,5.20974816883e-12,2.15947261126e-10,2.43982596863e-06,1.47363570231e-11,0.630301550595,0.00222947472654
180,0.00014118777545,4.86353378381e-09,2.83253850848e-13,4.67575013744e-14,0.999607780574,6.32088525512e-12,8.76268597449e-05,4.01346199221e-07,0.00016299857464,6.37730374323e-14
181,7.89427659087e-13,2.53808596102e-06,3.60288318221e-06,0.99971336035,4.70237209182e-18,3.75674536561e-06,1.32965227453e-21,4.41807956856e-10,1.95646525308e-06,0.000274785028043
182,1.91673440501e-13,0.0216026694093,4.82769389996e-07,5.79345114733e-12,8.20546266171e-05,1.76111663523e-08,3.41279936267e-10,0.978310625614,4.14961113083e-06,1.09524846088e-11
183,9.37084276902e-13,5.407508194e-07,0.999955488405,9.9881796536e-09,1.94759178833e-12,1.63169182018e-06,2.33643247374e-11,5.08108702212e-13,4.18840879848e-06,3.81407290743e-05
184,4.86645842279e-05,2.11663774701e-08,5.48214402844e-16,2.78324505774e-08,0.0289737843107,0.965161801806,0.000262642050751,1.11754914313e-06,0.000356198555169,0.00519574214539
185,0.999992050902,1.44039185715e-09,3.60053342263e-11,2.44843339548e-11,2.41012765709e-06,5.03881058553e-08,2.71558937249e-06,1.26043643291e-13,2.52830112545e-06,2.43190791612e-07
186,4.36346543697e-13,1.44433340798e-10,3.76254211411e-05,0.993214195091,1.57740985414e-18,8.63062688368e-12,1.38068654208e-16,1.82551635927e-08,0.00673320517981,1.49558994261e-05
187,4.65316357211e-07,5.67438118267e-11,1.68057629121e-13,2.41699638985e-05,9.27152797219e-08,4.11221105607e-09,4.24857213498e-16,6.28108962373e-12,3.15121343677e-05,0.999943755695
188,9.09226081404e-05,2.62104231572e-06,1.95841303019e-08,0.00062809324744,1.16765389292e-12,4.13137906218e-10,1.51872553291e-10,1.60088234504e-09,0.00171998353403,0.997558357817
189,5.54807922538e-08,4.81668690806e-09,3.66207373173e-05,0.997707649324,1.0788985878e-13,2.26207489012e-07,2.80813842669e-15,2.37681540175e-10,0.000475750440107,0.00177969275614
190,0.999749066899,2.47313427094e-06,6.55672212634e-11,6.87964047074e-11,9.01340371049e-06,3.55151433923e-11,6.67003128624e-06,4.21307227538e-11,6.52982965017e-05,0.000167478023659
191,1.13461219766e-12,3.27960397888e-10,4.38654482379e-09,0.990510138099,5.28016302398e-16,4.6447153665e-06,6.40996541685e-12,4.24170336896e-07,0.00948478475853,3.5342955164e-09
192,2.58863201734e-08,1.05390868002e-05,6.08582977285e-09,4.64813897912e-07,1.2242320536e-06,2.09168552549e-08,0.997677143334,3.55573515615e-09,0.00231053434413,3.77445007004e-08
193,4.95980634088e-10,0.000138340286168,1.09134508459e-11,0.000348931255359,2.4819703981e-10,0.997440560582,3.79316391637e-09,4.48058370061e-09,2.71786832371e-05,0.00204498016394
194,3.83226044671e-10,1.70600996995e-05,1.51138999842e-09,2.94584050118e-08,3.72558849396e-09,5.43932740069e-08,0.999982703061,1.40624066028e-12,1.43841786501e-07,3.52467245489e-09
195,8.84972340019e-13,1.24925904629e-09,1.73144886737e-06,0.999866452074,3.91522252918e-18,3.79471590794e-07,2.19455031413e-16,6.84764505929e-11,1.93658472209e-05,0.000112069839323
196,8.10686905853e-12,1.66046910724e-07,2.41039382443e-12,0.106744971968,1.51446094276e-11,0.893118739302,2.6953004672e-06,4.29172895554e-16,0.000116557541506,1.68698161451e-05
197,4.38905576257e-06,3.40407902853e-07,1.68906015525e-07,0.000822799640962,7.62000064382e-14,1.81394140044e-09,4.40763873513e-11,4.85766753921e-10,3.06460741759e-05,0.999141653571
198,5.97963318777e-11,2.25140224302e-07,0.000279351323499,0.999617188558,2.83430897463e-17,1.58266359621e-07,1.15836846168e-17,6.28673015407e-09,2.52291625793e-05,7.78412030812e-05
199,9.34922032674e-09,1.35283885224e-09,1.2582840511e-08,2.2449891481e-05,8.38489009728e-14,0.999928660888,6.04083355599e-12,4.45780459029e-05,3.74656006826e-07,3.91322750984e-06
200,1.27841109659e-12,1.47353335668e-05,0.987865056747,1.66719505224e-08,2.3742751175e-10,3.90495204212e-12,1.74429974222e-16,0.0121124802669,7.68811514676e-06,2.26226715881e-08
201,1.63088512668e-10,1.38034339821e-06,0.999977581426,1.04946449572e-09,1.01139859301e-10,8.55943662251e-08,7.45573229073e-16,7.19279619141e-09,2.67581733252e-06,1.82683121764e-05
202,0.00138915199634,1.56329217843e-09,4.32124148542e-09,1.39963251337e-16,0.998436950862,2.68195613884e-09,0.000127025422933,2.08279301049e-05,2.6035222365e-05,3.51326131071e-22
203,0.000102617430038,1.75125135529e-06,0.000329405889719,0.00564542953559,1.36449789159e-14,3.84391778804e-05,4.14044578423e-13,8.10001516755e-09,1.08644544252e-05,0.993871484161
204,4.83388408716e-11,0.000747328847473,1.22334594603e-11,1.68305654621e-06,2.13164254072e-06,0.000463632585662,2.28231430283e-15,5.28890029931e-08,0.00339148232205,0.995393688596
205,4.74936230068e-13,1.19812005864e-08,6.66039904571e-12,7.23591517057e-08,1.30713334382e-09,0.057301093831,1.42404262142e-10,0.942653945284,4.4875087676e-05,1.12267673201e-16
206,1.8539759005e-05,1.50585198499e-08,2.1617426702e-08,4.33289666233e-07,2.92103063867e-05,1.13900814106e-07,0.99860782581,1.06471038028e-10,0.00134384015148,2.1637021095e-14
207,5.21653264372e-08,2.86506681059e-06,4.38754164761e-10,1.15704594768e-07,2.08873177897e-06,0.000936916342352,3.12425307203e-14,0.999046411842,1.1542569673e-05,7.13915922178e-09
208,1.40287992584e-12,3.154950484e-07,2.19069435834e-09,0.979381328142,1.98729521635e-18,0.000244312585497,3.72799412441e-17,3.24755789821e-16,0.000573032809812,0.0198010087755
209,6.18433380639e-08,1.02901478729e-07,5.6649864047e-10,3.64670181586e-05,1.91777167642e-08,0.0799409095084,0.633562709257,1.14769674281e-08,0.286458156221,1.56202927544e-06
210,7.61810695949e-10,1.19403970816e-08,1.31838339276e-07,0.996125352046,7.55506683784e-08,0.000274210229696,9.77123077725e-08,5.94956092762e-07,0.00355717126362,4.23537013962e-05
211,6.50257434764e-13,4.78488748022e-08,0.00012459948546,7.95933318627e-07,9.37670914648e-09,3.19111259221e-08,1.67494252118e-15,0.99987218591,2.72478213562e-07,2.05705540256e-06
212,4.45167404383e-11,1.50182869454e-10,2.41007781116e-13,1.43085583373e-06,6.29216278544e-09,1.43930386661e-09,4.38627786804e-16,0.998936912367,0.000172277623906,0.00088937122643
213,1.05154184313e-13,0.000710579531661,3.2660458123e-08,3.59734509054e-09,3.19107424917e-05,0.000609575659689,1.02300167657e-08,0.998585637972,6.22372370614e-05,1.23691829617e-08
214,4.84738540069e-05,1.05207356718e-08,6.66229408868e-07,1.73638973658e-07,8.24660788002e-06,7.13985329183e-08,0.990981420415,2.78120939712e-09,0.00896093455048,3.86527422928e-12
215,2.0941935759e-11,2.23312014165e-06,2.38842060501e-07,2.66157940741e-12,3.30491021607e-08,1.50486404334e-13,1.94860453109e-14,0.986686836527,0.0131181058104,0.000192552627761
216,2.19868712348e-07,8.0672433082e-09,0.000545568620172,0.000245138029837,1.35349117653e-08,5.65238124158e-10,0.987984907056,4.96580203015e-08,0.0112240945475,5.2005766859e-11
217,6.65428114724e-06,2.26903171128e-05,5.50953847735e-09,6.24176306017e-09,0.00262281347397,9.53479952302e-08,0.995330213294,3.31431433007e-08,0.00201748839079,1.56701012823e-13
218,2.53148760865e-13,2.04730018687e-11,2.93428842021e-05,0.999966953591,2.09379681068e-19,1.30478701843e-07,4.49715501558e-16,2.10639735957e-09,1.36165789829e-06,2.20926137678e-06
219,8.16421950959e-10,8.38721539087e-10,1.28289044732e-07,0.999957176503,1.96794996186e-17,5.93378154028e-06,1.44282905078e-15,2.68201739901e-07,2.34468368884e-07,3.62571011419e-05
220,5.65017243585e-08,5.37506922719e-05,4.80246135186e-12,7.38076558461e-09,5.11695956616e-09,0.00028065363127,0.993754353435,4.82545333689e-15,0.00591116808532,5.15169673048e-09
221,2.68389945239e-07,9.85006741094e-09,1.90142435206e-13,5.19982487476e-12,0.988152745888,2.23248837811e-06,0.0118439049439,4.32532967996e-10,8.38002036295e-07,7.61152500476e-22
222,4.25938523105e-06,1.9743251978e-08,1.3892034771e-08,0.000884241541919,7.66574192779e-13,3.21143490851e-06,5.1177034052e-13,2.40848350107e-10,8.69798117703e-07,0.999107383962
223,8.44054415468e-12,1.15768724004e-08,5.02613149094e-13,0.00452850473716,2.9603661652e-12,0.995470171931,3.35703428564e-08,2.94112100612e-10,5.40911682183e-07,7.36967421507e-07
224,8.2984255099e-10,1.55977438097e-05,4.66744501822e-10,1.93431248406e-08,4.66494817634e-07,1.07637732125e-08,0.997546040901,1.12623649742e-16,0.00243786345724,2.5172820291e-15
225,1.1434944437e-10,4.07398982896e-06,1.29511802362e-06,0.938246407971,2.65525425337e-14,0.0594320965519,2.22263940339e-07,2.06019567693e-12,0.0019988601346,0.000317043854051
226,5.4828491139e-14,7.09821095006e-10,0.878499521232,0.121334755287,3.87211907037e-15,4.97986183217e-08,2.08549910014e-10,1.94027201938e-10,0.000165672564405,5.91302270665e-12
227,1.56774088336e-09,3.25097740369e-05,1.71551110712e-18,4.53443666389e-10,0.00105038888871,2.21312790521e-05,4.5167548417e-10,6.06119305314e-06,0.00146793352923,0.997420972863
228,1.0560756115e-10,0.000529870814254,1.31029200112e-07,2.3946599183e-10,0.000735428315348,1.05944029721e-09,0.997346596841,3.16206384705e-13,0.00138797159103,4.48043593377e-12
229,9.32504147131e-09,2.68841305752e-07,5.07596997051e-08,6.64503007511e-05,1.03733930951e-05,2.47922634345e-08,1.71940953488e-10,0.802877076707,0.197045745708,1.22594272622e-12
230,1.73977708078e-05,9.19622111227e-08,9.62599222327e-08,5.39120004548e-06,2.34964983627e-11,2.59500626827e-08,2.02646207384e-15,7.5710673057e-12,0.000664503488231,0.999312493338
231,7.79399365517e-10,0.00263247526972,7.12753801488e-06,7.52191401216e-07,7.66785671225e-09,1.0065997691e-13,1.53887967264e-07,1.10605062173e-08,0.99735941654,5.50646937421e-08
232,1.94523435422e-13,8.37026282197e-10,6.16391684808e-09,0.999810803413,1.02879648711e-19,7.1383025093e-07,8.11491403914e-17,5.03486413589e-08,6.77723735552e-05,0.000120653033255
233,7.23883968869e-08,6.25401940883e-07,2.34929699633e-19,2.48587578211e-12,0.999956131962,7.38138165854e-10,1.58240711198e-09,7.51929048716e-09,9.22473810403e-06,3.39356673688e-05
234,2.23543914135e-10,1.10571454833e-05,5.53423894986e-06,5.18684933375e-12,6.70857665004e-05,5.00033805069e-13,2.92845204527e-14,0.994260262882,0.00537042222364,0.00028563751394
235,2.89777421328e-15,4.74071555404e-05,1.43174250869e-09,1.01764697509e-05,4.86327676827e-09,2.0287076342e-09,0.999941948832,1.14836075255e-13,4.59218821678e-07,3.47031249585e-13
236,0.999622091829,4.05423651939e-11,8.69797802648e-08,5.36020909853e-10,4.41452877246e-05,1.23177906479e-05,5.1531762724e-10,6.33661485244e-05,0.000218222013875,3.97688585135e-05
237,1.56964987886e-09,0.982643091277,3.11436326644e-06,6.4902258949e-10,5.44100032304e-07,1.28086701344e-07,8.63202413965e-05,1.91480988237e-05,0.0172475392623,1.12351499739e-07
238,8.090384373e-11,0.000306134972702,0.997823380822,8.10816485625e-13,1.07219356615e-07,4.40013124668e-17,2.8172234408e-09,1.45805389764e-10,0.00187037394043,7.13687436894e-13
239,9.57885508107e-14,1.11080583866e-05,0.999843435729,5.75082125239e-11,4.50782954185e-13,5.00325215187e-10,1.40340814479e-05,4.20923903653e-19,0.000131420901305,6.7173192298e-10
240,1.70877495006e-16,9.26219211639e-08,0.999997653114,2.95489855047e-07,1.09084196669e-14,5.78358808663e-10,1.84898508982e-12,7.61897450964e-13,1.95819272367e-06,3.88819910684e-13
241,7.750065992e-13,4.80677712292e-06,2.84225700795e-05,0.999943750906,5.59342770229e-19,4.26611477601e-06,2.25697310659e-18,9.59860861202e-11,1.86503809289e-05,1.03154320934e-07
242,2.4375844929e-12,3.53951878433e-09,0.000528769247642,4.00825379937e-13,7.79803933764e-07,5.71968591079e-12,5.12297269268e-15,0.996168319747,0.00320267377372,9.94538793821e-05
243,5.55593411421e-09,4.21786049747e-09,3.45670843816e-17,0.000471514227182,4.57592081677e-10,0.855823240103,0.14367945345,2.41250395889e-11,2.57816780464e-05,2.86264100449e-10
244,1.29634331444e-13,0.999914085083,1.55699793749e-16,6.35437164315e-07,6.56916510541e-08,1.68042632385e-08,1.03636469672e-13,5.70476006838e-15,6.26758581728e-05,2.25211250584e-05
245,1.13403983361e-09,3.26881563074e-09,4.59082708217e-08,3.48308373269e-06,4.89727094167e-11,2.20766993377e-08,6.11448651113e-07,1.14666853933e-11,0.999995819528,1.34917131491e-08
246,4.87208985012e-08,6.21011668744e-11,4.58340919086e-10,2.65394987592e-06,1.47065588339e-10,3.74360055064e-09,4.33321439525e-13,4.46894403305e-09,6.9000403882e-06,0.999990388408
247,1.07651764589e-10,6.83779612346e-07,2.33020734344e-09,0.000588109110035,4.83457291047e-07,1.07306303163e-08,1.74389368242e-14,0.999357697148,5.29895869645e-05,2.37494719819e-08
248,2.48782827898e-08,4.06181009589e-07,1.14413772814e-12,1.47242491645e-10,0.000243696201322,0.000168760453793,0.999392104509,2.26923307599e-16,0.000195007627845,2.06045696722e-13
249,2.29911014863e-06,3.1288449025e-05,4.80050386849e-07,5.03755720303e-05,5.15241418671e-14,1.89608837313e-06,5.10013591636e-15,2.64814353491e-10,0.000361511989615,0.999552148476
250,1.51244885286e-10,0.000338535914149,3.62091135338e-18,2.51865896352e-05,2.07613595114e-08,0.999580549164,2.02783789603e-06,6.03089905265e-12,5.36350260974e-05,4.45491222068e-08
251,3.72408630771e-12,0.633144768972,1.15800308873e-09,1.20031040695e-12,6.39488495273e-07,5.29852050369e-11,8.79768913275e-07,2.93207012844e-06,0.366850778483,1.07428129344e-12
252,1.52596980394e-05,6.72971935771e-10,1.05478480302e-11,5.76659489581e-05,1.33392568044e-08,5.85823330697e-06,6.81908306672e-14,2.26686519109e-10,0.000282943619404,0.999638258251
253,7.26034816417e-10,5.13415117411e-08,2.36293457251e-09,0.000142516622335,2.92048992735e-09,2.2718303606e-07,5.05093644908e-15,0.999856934303,2.56785600368e-07,7.75486113686e-09
254,0.000106626857908,2.66982002745e-07,3.86608335093e-08,0.0149033068917,4.47874220829e-11,7.78437936006e-12,7.49705921937e-11,9.6101735461e-11,0.14785942927,0.837130331114
255,1.28995448341e-07,3.00773702617e-07,3.68620915508e-08,1.37521137087e-06,1.00595848754e-11,3.32908963692e-10,6.65548361274e-14,1.70826369349e-10,0.0110050754567,0.988993082187
256,2.12075803252e-10,6.56842824557e-09,1.05947708138e-05,0.999987682025,2.9315349118e-19,3.64133513308e-08,1.63260826758e-08,4.66315687696e-11,1.66344874144e-06,1.88912201952e-10
257,4.0476980555e-05,1.32460069655e-05,4.40512705599e-14,9.05353770674e-18,0.999912885974,5.96814036273e-17,1.78847764827e-11,1.52784061756e-08,3.33757423338e-05,9.40652043151e-14
258,0.999931284449,7.52290448234e-12,1.49420888896e-08,4.68231161504e-06,1.13462969624e-06,6.16896653154e-07,4.89952094997e-05,1.53805199531e-07,1.3110447009e-05,7.30191017126e-09
259,1.14791305141e-05,0.965732902828,7.20184763688e-14,9.21604057834e-07,3.31465596099e-05,3.90711887982e-10,4.42570884294e-10,2.85082548221e-09,0.0287785859604,0.00544296023355
260,0.999998988217,1.30035241278e-10,2.62209005864e-09,1.57160048181e-10,9.04553885265e-08,7.35054707596e-07,9.22400139209e-11,3.31563477755e-11,1.71920115702e-07,1.13177854728e-08
261,1.75528707534e-10,1.51545127505e-05,1.95984833542e-07,6.07550272771e-05,3.80284052941e-12,7.53969918689e-08,1.1212150291e-08,2.54349917474e-09,0.999923314594,4.9054956709e-07
262,3.40401566525e-13,0.718945000313,1.72876017964e-08,0.00918359109623,4.87932527719e-05,7.08481093868e-17,5.1679819109e-07,2.00410354756e-07,0.271821880829,1.3210955949e-11
263,1.05678964941e-09,2.86867637665e-05,2.66537022187e-19,2.28855846668e-11,0.910547235607,6.93623352389e-12,2.73279259861e-10,1.20881424983e-09,4.34429352343e-05,0.0893806321257
264,4.92457233889e-16,0.000561250317262,0.999399660481,1.13962191738e-05,1.05985474524e-13,6.80032921851e-08,2.71970688179e-13,2.08179995054e-12,2.76249762282e-05,3.02022474405e-13
265,0.00250256338132,6.87604213775e-09,4.1823731559e-08,0.00235623103611,7.76534272521e-12,8.41684982719e-05,2.80176222049e-17,3.05174818761e-10,6.68172784722e-05,0.994990170793
266,6.6186929425e-10,5.83423422997e-07,2.28785085188e-07,2.08995946381e-05,4.30540794648e-08,9.71891106943e-13,0.363196843772,2.39474390162e-11,0.636781394429,6.2547392298e-09
267,0.999966437892,3.40449979211e-12,3.19323392378e-05,9.36643980817e-10,3.11506917245e-08,1.24357117357e-08,1.61936313465e-08,6.71351468625e-10,8.95897499795e-07,6.72479418199e-07
268,0.00332771899924,7.6530076762e-07,1.67506211768e-12,6.18239595867e-08,0.000115120769076,0.000160845064268,0.996288145844,1.64191351998e-12,0.000107338077476,4.11827436626e-09
269,7.82165996066e-09,1.36831618193e-06,2.01129831711e-06,0.919473129141,4.18464663355e-16,1.93609269421e-05,8.86849286479e-12,1.4516413453e-10,0.0185169017438,0.0619872205986
270,1.00777561154e-11,0.000411172024884,0.999104455827,3.85167529482e-11,4.03800016826e-13,7.12250014749e-05,3.73201749331e-08,4.59636391904e-10,0.000377050880294,3.60584372423e-05
271,2.54610072413e-12,0.998259657554,1.76705097713e-13,1.07440589979e-05,1.7393902928e-06,2.04610752856e-09,1.59620341677e-12,2.65067986574e-14,0.000223878515235,0.00150397843082
272,0.970185151106,4.63138621532e-11,3.86305839344e-05,2.11831743823e-06,3.03601909573e-11,0.000456979044892,1.28865710738e-08,2.26013385232e-10,0.0293164927438,6.15014272449e-07
273,3.68734343611e-07,0.00066152906506,1.25569062091e-13,3.08194104903e-21,0.999168444382,5.67496930042e-12,3.9589350129e-06,2.56047659388e-05,0.000140093251589,8.59831424826e-10
274,1.00424747625e-09,6.00407646168e-05,4.24787766487e-15,1.97896082819e-13,0.997274604108,2.51454492402e-09,1.09295957903e-08,0.00266528356986,5.71086631948e-08,4.45537831479e-20
275,0.999374601164,9.45480609372e-09,5.28601630671e-06,1.86092889849e-08,1.35637927082e-08,3.42435842039e-09,1.08232709034e-06,6.14874051651e-06,0.00060326024953,9.57645008923e-06
276,3.64076288364e-05,4.21072151378e-07,1.24967419676e-10,1.97381226269e-07,4.23244183523e-09,2.75021460194e-07,3.28692839091e-10,6.28529321548e-14,0.0374861849254,0.962476509285
277,1.9663464428e-11,8.48406747695e-10,3.55101577872e-07,2.19820347337e-13,3.84004331217e-10,5.01670792583e-08,3.12882423631e-17,0.999585073453,2.82539830689e-07,0.000414237486591
278,4.49387572544e-13,0.998188962604,9.38544223296e-06,3.14795177754e-13,2.64856391192e-09,5.19697893402e-06,0.00160089191317,1.71075838015e-21,0.00019555998054,4.32124501121e-10
279,1.88980756275e-08,1.66836866384e-06,1.92038093299e-06,7.81711308648e-07,2.3575869807e-05,4.93591991704e-10,0.998229893386,1.24116974849e-08,0.00174212847986,4.43013094269e-14
280,1.68285469448e-08,0.000314234498818,3.9535001688e-08,6.58579273369e-07,4.54349077382e-08,2.44112779698e-08,5.89952954152e-05,1.5247868003e-06,0.999621460467,3.00016281551e-06
281,1.32653047482e-12,0.00102076645812,3.11174087388e-14,3.09754798672e-05,0.994674141118,9.78940847247e-09,3.600031773e-07,1.58299260919e-06,0.00427216415767,3.24126903552e-16
282,8.2776597666e-09,4.77730507967e-08,2.23891597149e-14,3.61716951028e-15,0.999863779326,7.97811195969e-10,0.000108779008641,2.69143573186e-05,4.70459866229e-07,3.06794728774e-22
283,0.997463119445,2.3098015491e-09,6.84050439323e-07,1.61297489446e-08,3.31278675244e-07,1.03706627106e-08,0.00126460720763,9.15665030105e-07,1.13589479842e-05,0.00125895459453
284,8.57169777941e-09,2.12964526138e-08,1.0199159244e-08,3.0520119768e-06,5.19771696868e-09,9.11985858627e-06,2.68261266097e-13,0.999987501078,2.81755340532e-07,3.03148495562e-11
285,1.54346978556e-09,7.36445889505e-08,5.70516583917e-12,9.64164364529e-07,0.118202822261,1.14940204968e-08,1.61383425246e-13,0.88177436246,2.17643487811e-05,7.79887849705e-11
286,4.43215118561e-09,5.7926023783e-05,0.000146279507617,0.0067373898539,6.23680050314e-08,2.11040801005e-08,2.72803099019e-11,4.43212814301e-05,0.906101081268,0.0869129141339
287,4.11742941153e-07,7.35974636986e-07,3.48594742083e-07,1.10341383919e-09,1.15306053899e-06,2.79373633875e-08,0.979644931974,8.57331416641e-17,0.0203523895652,4.67612918911e-11
288,9.41203203383e-08,1.63768595815e-06,1.41360763311e-10,6.58376622767e-09,6.89660803458e-07,1.66149134022e-07,0.973250998315,1.52972575358e-11,0.0267464073252,3.53572895331e-12
289,0.999988577533,3.2684186426e-09,7.27161372738e-11,2.41006588028e-12,5.0890826418e-06,1.20601013849e-07,1.68701147738e-07,3.53502250284e-11,6.0406976244e-06,6.11941660983e-12
290,4.32802545542e-06,5.64114238337e-09,7.27764231803e-05,1.78242455772e-06,7.60772505764e-07,2.41355739526e-10,0.999452597009,1.63778707583e-08,0.00046773308514,2.93692369071e-14
291,9.40048754431e-12,2.91924210565e-09,4.18660179721e-07,0.998026943312,6.88990261175e-13,1.23088282233e-06,7.69855322986e-12,4.18615906211e-12,0.00197131287769,9.13262001356e-08
292,0.000996355387702,6.98987952058e-07,4.04086446165e-07,4.49670350634e-05,1.47543727183e-12,3.22136669597e-05,3.23201455485e-14,4.79902506569e-13,8.29798959394e-05,0.998842380938
293,4.08282915559e-06,0.000138732625194,5.82701162966e-16,4.50850513749e-12,0.992981153649,3.2293539651e-10,4.10908977022e-08,4.35519848942e-08,0.00515974661374,0.00171619931307
294,1.89403410245e-10,2.13667944644e-05,4.53611728369e-12,8.97668055094e-05,1.67826657124e-10,8.86109071444e-05,1.0916993382e-10,4.3316610953e-06,0.00213169211057,0.99766423125
295,4.68725484959e-15,0.000111421120294,0.997217224728,2.53148354987e-10,6.68630806941e-10,0.00252905516994,8.7514244518e-10,5.28765024261e-13,0.000142211897038,8.52875788818e-08
296,2.29987855081e-13,2.34776413596e-06,0.999937158825,6.03885767903e-05,5.79398901725e-16,9.23965029323e-09,6.73354802006e-16,3.56827493651e-12,9.55453519258e-08,4.56232570509e-11
297,3.82306569161e-09,1.21943266256e-06,1.93796142632e-18,1.45795458767e-12,0.999859753518,5.07198278414e-16,2.32901039566e-10,3.06349986807e-10,0.000139022678088,7.11116121762e-12
298,5.09634624907e-11,0.964928196478,3.60306765221e-09,7.75518215495e-15,7.99490590969e-07,5.57102046885e-05,6.68064480913e-10,2.55256955245e-05,0.0349897637682,4.12283093985e-11
299,6.72783570031e-07,2.06660387693e-05,1.07774372411e-12,1.99973429076e-16,0.999943882449,2.67034945049e-11,5.09547722888e-07,2.14782368636e-06,3.21213290573e-05,2.11333146568e-17
300,1.86094275525e-13,0.991687218677,7.30979355583e-12,0.00781820442432,0.000157176904727,9.9173898584e-07,3.93362138114e-11,6.20486082885e-11,0.000325032503686,1.13756427215e-05
301,2.35888309816e-09,1.40062804033e-08,3.46461291358e-10,0.196528330997,1.03241009991e-09,1.85018190746e-09,5.17457227775e-05,2.21839948333e-09,0.80337927186,4.06296083182e-05
302,4.26426344668e-10,9.04930370178e-08,4.07246303527e-11,3.01276995494e-06,1.15378928145e-08,0.0121282030743,1.34485006564e-11,0.987859856687,8.82495735611e-06,1.13289797604e-14
303,1.36525829061e-08,0.00612426829474,0.993695293736,1.61114882581e-10,4.29981727823e-08,1.03320216156e-10,9.15252692986e-14,1.9821306127e-09,4.14283432512e-06,0.000176236237911
304,1.16512329608e-05,8.89249154233e-05,1.77254610683e-13,3.79036320346e-19,0.999797510473,5.95521228507e-13,1.34420900412e-09,4.31323180268e-07,0.000101480709969,8.93152031389e-13
305,9.79151950423e-06,0.000214303089147,5.00265537603e-13,4.17150057559e-15,0.997821966342,2.17347525057e-09,6.77204198436e-07,0.0003269638628,0.00162468895547,1.60685277504e-06
306,9.68402663123e-06,3.68119949788e-09,4.93366867713e-10,3.54044598909e-05,3.90069127087e-09,1.87999582068e-06,4.25786091212e-14,2.58260387329e-08,0.00779440797535,0.992158589641
307,5.66814244774e-17,2.126303027e-08,0.999999851843,2.55562999708e-10,3.59817472441e-13,7.39499191716e-11,6.24129611092e-17,2.25034495857e-11,1.26363519834e-07,1.77799205789e-10
308,5.27885270503e-05,6.6486203182e-06,1.48180326139e-08,1.62985840705e-09,0.954860841881,0.000291617441734,0.0446715128786,1.86546150114e-05,9.79195884794e-05,1.13176871392e-18
309,1.79895554478e-07,9.19155318469e-08,0.980626786208,4.09964537928e-08,1.86241764386e-08,1.07687470718e-11,2.81592532823e-08,0.000165634588888,0.0192072176384,1.96344416142e-09
310,3.26404278267e-14,0.000603668722835,0.999036041765,9.83242256373e-08,1.21916625372e-12,0.000352917101665,2.24538532009e-10,1.08215549909e-18,7.26443513727e-06,9.42527700832e-09
311,7.66106009053e-07,0.048089083524,5.47065714497e-10,1.50144857032e-05,2.84368722589e-08,6.73739367318e-09,6.08962031008e-21,0.000107586626982,0.000326107082468,0.951461406454
312,1.37276109515e-07,9.74629745918e-05,1.46273196247e-13,2.16628066152e-06,1.156820598e-09,1.48051491508e-09,3.34479540034e-06,4.080792433e-10,0.534148313518,0.46574857211
313,2.3398206997e-15,1.44108627493e-07,0.999997649062,1.18592676451e-06,7.5074780719e-13,5.54550726819e-07,4.18328146975e-12,1.65765265331e-11,4.663304972e-07,2.57567511399e-17
314,6.00814558856e-16,0.0037400806082,0.996259613363,3.5999071877e-09,6.0117680102e-12,1.69512171871e-07,1.9713774477e-14,2.70932099049e-11,1.2272073672e-07,1.01627647633e-08
315,3.64757919612e-09,0.00107487489198,0.000206788701107,1.55877183055e-09,0.000212701796389,2.87693711802e-07,9.06864640949e-13,0.000344311060115,0.408034955823,0.590126074826
316,2.53096499572e-11,9.28340217697e-07,5.51164838324e-07,0.998963871684,9.66507800922e-16,6.07733648899e-06,1.53710143688e-10,2.52230633004e-12,0.000236983948414,0.000791587344754
317,1.23365798209e-07,1.77783726581e-08,4.20703885212e-16,6.51394333125e-10,0.895831464529,2.63584118489e-05,0.104139981005,1.38742791312e-09,2.05287081346e-06,2.94769756912e-17
318,1.13958036564e-09,3.79653048324e-05,1.00229211972e-11,1.10849171714e-06,6.38990385682e-10,1.78481581994e-07,0.998701808275,7.7514591178e-13,0.00125891963225,1.80252573173e-08
319,1.93966456963e-09,0.00115198885561,5.39396585025e-06,0.984125241117,1.98346193978e-11,8.70758175726e-05,3.50928622319e-17,3.88127789029e-11,0.00131380604476,0.0133164922008
320,0.000506364689395,3.18842319976e-08,1.58854348366e-06,0.000392370704522,1.10597868703e-09,4.60735254365e-10,1.87421217426e-09,1.05809444594e-10,0.286181501231,0.7129181394
321,5.14856072657e-14,8.73095801276e-10,1.13824391966e-08,0.999735637126,1.37488649246e-17,0.000225198225416,2.56798360483e-09,9.03640008912e-11,3.48768970953e-05,4.27283740366e-06
322,1.58834117401e-14,0.989489503703,3.17368012752e-07,4.50403010978e-13,5.17584120224e-05,1.42621432269e-05,9.95894578174e-05,2.77203716931e-08,0.0103445396662,1.52911136848e-09
323,7.94508641792e-15,1.44966749024e-06,0.99983408952,7.84177177248e-06,1.01153270793e-11,0.000154717776508,1.11739666921e-11,3.44526200387e-16,1.90124291046e-06,4.29240133142e-15
324,5.76688045711e-08,9.66695755409e-09,9.67526322904e-12,2.69125685999e-08,2.50151802441e-11,0.908697716888,1.18948726899e-12,5.18031767154e-10,3.28739596172e-05,0.0912693143505
325,8.77892403204e-07,3.42617457965e-06,1.02202425216e-06,1.27935965562e-08,2.14732447374e-08,9.4505744287e-08,0.999850436056,9.11334672957e-18,0.000144109080291,3.01389684818e-18
326,8.58774038874e-09,1.11675279647e-07,9.09575115537e-07,0.053162035747,2.48060785962e-11,1.54804157941e-08,3.17136284633e-06,1.34160099836e-08,0.946826005644,7.72848705279e-06
327,3.57178547943e-07,3.65839573966e-06,6.66788284414e-11,0.00282134827869,5.80444971071e-07,4.7520012322e-09,1.17940750416e-06,2.68853906486e-11,0.984077298612,0.0130955728372
328,2.74805567939e-07,1.42562468266e-08,5.10646161809e-09,9.23815594227e-05,2.06270768854e-08,1.17980120832e-10,2.20098580126e-07,4.29843354549e-10,0.98519522332,0.0147118596785
329,5.30350434774e-11,0.985040952026,0.000130895972845,5.09605076397e-08,4.53951586742e-07,3.15536780702e-06,3.53562313489e-06,1.13503723603e-05,0.0147897691548,1.98365182079e-05
330,2.30172068643e-08,1.67691728596e-07,7.63603092102e-15,5.31381276632e-06,2.94109687558e-06,2.97163337721e-12,1.72054489653e-15,0.99903388046,0.000860024683632,9.76492343142e-05
331,9.05913338151e-12,5.15663757601e-11,0.998975044077,0.00100276865217,6.92993809211e-14,3.34718691989e-10,2.11052349456e-13,6.58003860046e-09,2.21802949962e-05,1.329203207e-14
332,7.73863568461e-12,0.00016969819658,1.17920890586e-09,1.12743227421e-10,1.30647701971e-06,8.1198426594e-05,1.50057444053e-11,0.999195487405,0.000467947190856,8.43609894839e-05
333,3.38693191464e-08,1.69698273126e-11,5.26310066354e-14,0.402157436323,4.32108582335e-11,0.576570251053,1.69018601881e-07,1.62817430276e-17,0.00374986503985,0.0175222446361
334,0.00712934192069,0.0086456677703,4.54619636094e-05,1.95055335771e-07,3.05094204034e-07,3.78913602174e-09,1.84700316569e-15,0.983941993548,7.35928364321e-05,0.000163438022602
335,9.96092324258e-11,3.83310052869e-07,0.956732832153,3.73255815942e-05,5.89304897038e-13,3.20480288863e-09,1.80002298933e-12,4.24451592243e-12,0.0432294467728,8.87107931186e-09
336,4.79408078386e-13,0.665271466637,3.856170714e-08,1.60296372856e-07,1.02501658558e-07,1.11050152461e-16,4.55051030923e-13,0.298131676805,0.0365965531111,2.08636960684e-09
337,1.98151746129e-10,3.66932926683e-10,0.000186478907583,0.995111747365,4.25711312148e-17,2.70612497719e-05,1.40078190008e-09,8.11430432866e-07,0.0041036415983,0.000570257483421
338,1.34031679363e-06,3.4413639666e-06,5.43286670198e-09,1.05969646955e-08,8.98356200398e-07,7.38082964917e-08,0.995527588867,2.56208332926e-12,0.00446664125501,4.20681359274e-14
339,6.75723418823e-08,1.94222507013e-06,4.29141401202e-10,4.58037779971e-09,2.32325651432e-09,2.34886082522e-07,0.99953127726,9.30530690663e-15,0.000466470659336,6.48521720197e-11
340,3.08613772586e-12,3.68566913613e-09,1.06399919362e-06,0.992539416082,1.04707971519e-15,1.05488751781e-07,2.85983174473e-13,3.80027118901e-11,0.00122360527401,0.00623580542856
341,3.27337405367e-13,0.999139213038,5.25725666993e-06,1.46476354495e-12,6.70344989726e-10,4.17105083185e-07,8.34386976795e-05,8.39178178472e-15,0.000771672841328,3.89050358572e-10
342,3.77540457951e-08,3.62988956792e-08,2.54054266652e-13,4.19742834615e-17,0.999990267002,5.6329870664e-11,3.76543614129e-07,9.21339176021e-06,6.89534031648e-08,1.0097483028e-20
343,8.47919823214e-12,0.994818796233,6.07426630805e-07,3.67775218462e-11,1.78885469997e-08,4.24430872573e-13,2.21647751128e-10,0.000153590911721,0.00502697305347,1.4219624571e-08
344,1.03690674086e-06,0.000334832169879,6.67561254429e-14,8.05060055014e-09,9.61543822413e-07,1.99554016182e-08,0.00183601427647,3.68133035051e-11,0.990494221111,0.00733290594912
345,3.96509052344e-11,0.887742953632,2.73503390932e-11,2.02222820992e-13,0.108991545695,1.12225060194e-05,2.75450121207e-06,2.2031099946e-06,0.00324878882115,5.31666913381e-07
346,2.63220231285e-10,6.95743486313e-08,5.66059987755e-07,0.997794287895,3.61039588108e-18,0.00212616654875,2.27042952485e-15,8.27277199944e-11,1.5234455306e-06,7.73861306553e-05
347,0.999472622712,1.62024025938e-10,1.29453318516e-06,5.84098211884e-10,3.15076914164e-07,1.77457662671e-08,3.34654809047e-05,4.13880678972e-10,0.000492258089896,2.52009098681e-08
348,4.97377322755e-05,7.04289718341e-09,0.475492611507,9.7967152635e-11,7.17733802765e-11,0.524457640751,1.44507443485e-10,2.64813498177e-09,3.90696684913e-12,3.67039223045e-22
349,4.47483383152e-13,3.95123696124e-07,1.73467660157e-05,0.000175669920578,9.21565015083e-08,1.52201877302e-05,1.11151202717e-05,6.17153595676e-13,0.999780079328,8.13964953958e-08
350,1.28234762943e-12,2.00003391874e-06,2.26795111658e-10,3.50715171329e-13,1.19965798446e-06,1.36468612415e-12,2.01597429678e-15,0.997757715983,0.000819083958637,0.00142000013685
351,0.999445429961,1.69888423581e-07,3.60426534251e-07,4.88891643525e-13,1.89835110156e-08,1.77358618303e-06,0.00054526903074,4.60780590135e-13,6.70891527381e-06,2.69207826443e-07
352,1.54799576742e-11,0.884979196381,1.22173241923e-11,2.46842442451e-14,2.03700324907e-05,5.45401744173e-12,6.6198035447e-10,1.36835778463e-09,0.11500043152,2.98457867928e-12
353,5.23326493978e-15,0.000118268215307,0.999878594251,1.64567380388e-09,1.46496623335e-14,2.87492941573e-12,2.87189935262e-19,1.73115014258e-07,2.96274387716e-06,2.57852810133e-11
354,1.2328399066e-08,0.00341340989079,2.87468505978e-05,6.57838409855e-12,1.56563844271e-05,1.47312443624e-11,1.79574180683e-08,1.48520313985e-06,0.996506165081,3.45062829628e-05
355,0.999959636198,6.91006905856e-09,2.14193973198e-06,1.53339792003e-10,9.78815190958e-06,7.21496742837e-11,1.48428754558e-11,7.43915446364e-06,2.08420867922e-05,1.45318294359e-07
356,8.70983895295e-05,7.82896296395e-11,1.58976961878e-09,4.01134675985e-06,9.14822178336e-12,6.02790225358e-06,3.05737710711e-12,4.95396851203e-11,0.000593382168886,0.999309478463
357,3.99359496176e-09,4.80517163837e-07,9.52176357357e-10,2.24721575235e-12,6.50006097833e-08,0.999715761468,3.49693980813e-07,1.34877673278e-07,0.000177029704695,0.000106173789802
358,6.35605343462e-09,2.06463953096e-08,1.71976929837e-11,0.000309901912003,2.08202481399e-15,0.999481281178,2.94886917784e-06,5.76034703193e-14,9.06301287739e-06,0.000196778007803
359,0.00867671242258,2.83829611043e-06,1.82815833762e-07,4.63552098308e-17,0.990289394303,2.83934076777e-12,1.33614912234e-05,0.000479390728814,0.000538119939546,1.68405728946e-18
360,0.000308894569578,0.560456979455,8.62775271626e-09,1.39206525247e-08,1.06886353306e-05,8.44875614493e-07,2.2150417147e-07,9.24703378647e-09,0.0104838122548,0.428738526911
361,0.000666226315048,3.29406369944e-08,1.22633057415e-07,1.59151768492e-05,6.43725528594e-09,0.00109332400842,0.991696464132,1.70924466449e-10,0.00652758978969,3.18396127447e-07
362,1.6603329606e-08,0.00200884215143,5.933313715e-18,5.88620620975e-10,0.000157193503213,0.0394692764407,1.92922668713e-08,1.42950071594e-06,0.00222610343107,0.956137118489
363,2.67146089177e-09,7.24249416063e-11,1.63391808252e-07,3.55227806856e-06,6.24369389909e-09,6.56239051111e-12,2.76686193988e-07,4.38726918976e-07,0.999718584623,0.000276975300316
364,3.99961027637e-09,1.20026998213e-09,0.976744506663,0.000494328390887,8.43797186408e-17,1.31342193556e-09,8.27888251084e-11,2.24036606427e-11,0.0227611559959,2.33164800681e-09
365,2.72868611351e-17,0.000101564735113,0.999892037917,1.25960538989e-09,1.58582184484e-12,6.39258927302e-06,1.08299893742e-12,1.43509054839e-16,3.46506092641e-09,3.17607484455e-11
366,1.72734296034e-05,0.00322005805995,3.92675386785e-15,0.815237589806,0.0759199371773,2.18853996669e-10,1.1103972915e-09,0.0923952687836,0.0119061381286,0.00130373328592
367,3.34704871368e-06,3.38233881086e-09,2.80120012348e-10,0.000125554153557,6.63114642113e-13,1.42281592311e-05,2.58536759019e-13,1.04983297349e-13,3.04147551127e-05,0.99982645222
368,6.63865849378e-05,9.44586326353e-08,1.17652805459e-13,3.85113299788e-15,0.983641730989,6.57916546602e-13,8.99055965478e-07,0.0162881536707,2.73524008272e-06,2.0671902621e-15
369,0.999651655233,1.28834579434e-10,4.21516294336e-06,4.11052066734e-08,1.64212628447e-10,1.97890594367e-06,2.13534957848e-06,1.24961508779e-08,5.06020064414e-05,0.000289359447679
370,1.74732036565e-12,1.16686665483e-07,8.48756419326e-09,5.27648935427e-12,4.11864500976e-08,9.49027217346e-11,4.2480141911e-16,0.999977325309,2.15078677021e-05,1.00036025022e-06
371,3.23357133268e-16,1.36789509054e-06,0.99999348173,3.13010162171e-06,4.26181941892e-14,8.7894484204e-07,7.66682374105e-13,9.34223775768e-15,1.14132422566e-06,3.3756926951e-12
372,0.95628553815,0.0055882686647,3.75450240133e-06,3.49241509788e-07,6.76974407213e-09,1.32201381075e-08,3.56590599574e-09,1.08601394697e-07,0.023892571285,0.0142293859987
373,8.63571759798e-16,0.999931855393,2.91188690414e-12,2.81368086596e-06,7.68474472156e-10,3.75929376818e-07,1.03791015929e-12,1.63187231892e-15,6.48738545926e-05,8.03693346295e-08
374,5.79152089073e-07,0.00226409653688,2.75401332416e-16,5.95188613535e-07,0.00131806369948,0.000182096074682,4.30436582436e-05,2.32048846459e-05,0.286541324341,0.709626996464
375,1.43790751045e-09,3.52269098257e-10,0.999682783352,5.35299902352e-06,4.7881969657e-14,5.06898418153e-13,4.86005187311e-14,2.9490795149e-05,0.000282371062454,1.54159783565e-13
376,4.49759738484e-14,0.98740253533,5.49887647277e-08,2.84054507841e-09,1.90479762353e-05,8.40120195538e-09,4.19250071962e-08,8.95476997849e-07,0.0125773824686,3.05921037067e-08
377,1.09297132744e-15,0.998958605942,2.31126432707e-06,1.2305206305e-06,1.58287596118e-08,1.68438644738e-07,4.36466949754e-11,1.2763697214e-10,0.00103765786219,9.9722928327e-09
378,5.31998262356e-06,0.0314511799437,8.58987361707e-15,2.76961949749e-21,0.96854140952,3.4543895784e-12,5.33002021068e-07,1.4672507911e-07,1.41081556386e-06,7.86767553077e-12
379,1.96945671319e-09,2.31395741126e-06,3.79101163455e-09,2.50379159517e-05,4.51939050457e-08,2.38165818968e-08,1.85520260614e-05,4.55502372394e-08,0.999953602784,3.7299580455e-07
380,6.84722166471e-09,4.77344952258e-09,1.34338680929e-14,2.16972591599e-07,3.6370841294e-07,0.999980473755,4.5160029763e-06,2.58740311235e-10,2.27847420842e-07,1.41898339522e-05
381,5.63186170666e-09,5.86260373288e-07,7.81412260399e-07,1.67599356968e-06,1.48066753291e-07,3.26752277077e-10,1.02254656903e-13,0.998422467691,0.00157426451826,7.00994170453e-08
382,8.28568404688e-09,2.15624169247e-06,3.90699533643e-07,1.17386531809e-10,0.000224216042698,7.13289017457e-15,2.11460006238e-14,0.50833627895,0.0178387630428,0.473598186621
383,1.231804167e-11,0.000105325212005,0.999622670223,2.95193650104e-10,6.81681387233e-14,0.000266863010624,2.53018478359e-06,5.82550840031e-16,2.60342867687e-06,7.63297082887e-09
384,1.54581489429e-10,2.05800962384e-07,1.02775012591e-09,9.75340425027e-05,5.40804867518e-09,8.89604112641e-14,4.02116255673e-18,0.9997743231,0.000108471839629,1.94586263156e-05
385,0.99968377277,6.32561178333e-08,0.000149395364445,5.29063318635e-09,8.82938198134e-10,9.75995617869e-09,0.00016019528679,5.800659479e-12,6.48585150886e-06,7.15315597667e-08
386,0.000112285724388,7.3179945739e-09,6.67759234215e-07,4.41386889643e-08,9.65706874071e-10,2.48832870857e-06,0.997444618053,6.79011877995e-11,0.00243988764395,1.09680114192e-14
387,0.000191936578491,5.07382514533e-08,5.01385829203e-11,3.70929523859e-13,0.987975062973,7.84989685481e-19,3.67669595844e-09,0.00247614113242,0.00935680485022,3.12757139523e-15
388,1.91241142388e-12,3.77430301821e-06,0.999995777663,4.42848772713e-07,2.88282043983e-14,6.88261549249e-11,1.10499922715e-14,2.55721330579e-10,3.96478694789e-09,8.94371594734e-10
389,2.05409634261e-07,3.82104627509e-09,1.06131510928e-10,0.112520044597,1.63407948925e-09,0.885186825381,0.000239531294603,2.58057127415e-14,0.00037638799843,0.00167699975762
390,1.81321968554e-13,2.10029878466e-08,2.62897980466e-13,0.000184215845761,3.40020522453e-18,0.99966913473,1.53453028214e-07,1.50747392682e-15,0.000110070383649,3.64045838926e-05
391,8.59520356417e-06,6.40720231952e-06,3.61284944643e-07,1.73610063028e-07,2.96339612939e-05,1.14911178376e-08,0.999269941763,4.72893889141e-09,0.000684870755199,8.75603871867e-16
392,5.88864013894e-07,2.12550836896e-07,2.78615626881e-08,5.38081083185e-07,1.31704337111e-05,2.42805265585e-07,5.24142509015e-14,0.999976670499,5.7697740795e-06,2.77912994809e-06
393,0.999969303656,4.79306356591e-13,3.05694530203e-05,1.24867740861e-12,2.50061404168e-08,2.87272342713e-11,6.25609537918e-14,1.13539997107e-10,8.24613989463e-08,1.92792047064e-08
394,0.999980166312,7.56191905267e-12,1.85915134341e-05,1.51507347362e-08,1.79753437676e-10,3.00278174244e-13,1.14912755055e-06,1.63209534325e-11,7.76885717068e-08,3.85641846821e-12
395,0.998252111006,1.02230932717e-08,0.00112823581477,4.95432812832e-06,5.90173552799e-11,9.34529023173e-07,2.24868658236e-05,1.58191161213e-09,0.000591203297461,6.22951873057e-08
396,6.5436119493e-06,1.02607767515e-07,6.57580452986e-06,2.80022052569e-07,2.04447551301e-06,6.61074742576e-07,0.999527158588,3.23660553251e-13,0.000456633815247,1.07995910872e-18
397,3.77116055516e-08,0.000131896269967,3.87140226484e-08,2.09885098405e-05,8.5770861905e-15,0.988582601247,1.41611041173e-08,2.29851136179e-14,0.00539323049691,0.00587119288962
398,4.80723373294e-14,2.58646842448e-08,0.000113168401509,0.99862334385,1.31205744433e-17,2.21058195045e-07,6.5808279038e-14,2.26755823884e-08,0.0012450320339,1.81861161663e-05
399,1.03219967362e-07,9.73940302431e-07,4.39180329655e-10,4.25727984134e-13,1.06149249323e-05,1.63240072414e-16,2.06513992503e-13,0.999834449433,0.000153858041388,3.73381455404e-13
400,0.999975157246,2.18311928028e-13,1.93250583832e-10,6.99783664025e-13,2.3811043912e-05,1.54500282672e-09,5.70396722173e-13,8.14376996914e-09,8.98660031295e-07,1.23166944794e-07
401,7.29667358086e-10,5.63155515154e-12,1.3730852205e-17,7.55008109e-05,8.12987158762e-15,0.999913614834,4.64980125999e-06,2.01543278149e-13,1.17978821481e-07,6.11583962362e-06
402,1.29983161429e-05,1.68327913371e-05,7.26424403229e-05,6.76115182445e-05,2.96765378822e-13,9.06654324643e-05,8.7600128535e-13,6.28467671123e-12,0.0167931957775,0.982946053717
403,0.000656974345574,4.08399670986e-06,0.0186285314879,2.15718858224e-05,1.21034534709e-14,3.25040656453e-07,3.14063302075e-17,4.0794996137e-09,0.103573567496,0.877114941668
404,5.38036191555e-09,7.91943324056e-07,9.09307046204e-10,0.000380172796367,2.04871822927e-09,0.999236477453,1.64202139265e-11,8.73398401385e-09,7.76861447154e-05,0.000304854573471
405,3.79416865711e-09,4.27344769084e-05,1.57819945828e-11,1.95547003055e-18,0.99994672329,9.61118572391e-14,6.37880962901e-08,1.02654170135e-05,2.09217669964e-07,1.67773705636e-18
406,2.32926293132e-17,0.999460141101,1.6143697362e-05,3.23854273153e-06,6.41181363149e-14,1.68798465436e-09,2.35491067862e-07,1.23066946264e-19,0.000520239057711,4.2207100696e-10
407,0.992469793729,1.91833821655e-09,2.60353193475e-09,4.158883321e-10,1.95717926873e-09,1.0037694812e-07,0.00751826884767,5.64934837591e-11,6.54032510035e-06,5.28976997205e-06
408,2.15865849877e-11,3.88460326847e-07,8.09812417785e-09,9.03858796194e-12,1.0790098186e-06,9.97520800926e-14,1.51169685522e-17,0.998626496522,0.000150444602053,0.00122158327737
409,0.00268916168262,2.49297759386e-05,1.08992797807e-09,3.19361812465e-20,0.88171798637,5.78615224465e-07,0.115542700582,2.45084521434e-05,1.33431979412e-07,1.84334768547e-17
410,1.39161319696e-11,0.975451598487,8.74459536762e-06,1.35039982513e-11,9.78209107059e-06,3.7646330664e-05,0.0027642715854,1.27181176158e-13,0.0217279537868,3.09584107501e-09
411,1.00081467419e-06,1.30250692552e-05,1.81564046771e-09,1.27613483569e-08,3.02866061926e-08,1.87104190264e-14,7.24151569429e-08,0.332223620112,0.667762139587,9.71375442839e-08
412,7.39995862269e-12,9.72705317239e-05,2.23307700522e-09,2.89188032575e-13,6.97694640249e-06,4.75556268018e-11,7.31431298241e-14,0.998999030365,0.000425948072677,0.000470771795833
413,0.999725220137,3.47723337333e-09,7.17174436936e-09,6.07586588483e-11,1.73818572714e-09,2.32294414475e-07,0.000175835837495,5.51825691794e-10,4.11330243658e-05,5.75657072604e-05
414,1.5893787215e-10,2.92293897567e-09,0.999874610134,1.73685618277e-06,2.94994145463e-18,2.66241483421e-08,2.69475565978e-11,2.28840089976e-13,8.03885502412e-06,0.000115584421675
415,3.27399593034e-09,0.000132026401798,9.17868413121e-14,2.48656656885e-22,0.999864377154,2.91578545957e-13,1.66019849704e-08,3.13220099522e-06,4.44322724388e-07,4.4537428056e-11
416,3.01876496707e-09,2.87263988701e-07,2.46719590835e-08,0.122703312824,1.09540938301e-12,2.54529307382e-08,4.75866086207e-17,8.28119475373e-09,0.000336469794003,0.876959868692
417,3.2265827561e-12,0.981688374706,0.0180919361779,9.05274575675e-09,1.04490386832e-11,6.35270738837e-06,0.000184834299128,3.80194902024e-19,2.83219780927e-05,1.71064741745e-07
418,0.999651678645,4.71576081078e-07,0.000323369263351,1.52376527008e-12,4.73116613181e-06,9.99695654152e-06,4.53842689392e-07,9.07114553723e-10,9.27660527169e-06,2.10363760197e-08
419,5.96053632116e-06,3.24342965128e-07,1.99993896698e-09,4.56003463287e-07,8.4395062182e-06,9.91221500417e-06,4.07769803896e-13,4.62531834767e-06,0.021729856992,0.978240423085
420,0.999251073625,1.08135863943e-10,3.5645525463e-05,2.45917220551e-08,2.14663203507e-09,4.04628634892e-08,0.00064885226416,2.52138322075e-07,6.28705328059e-05,1.23860456073e-06
421,2.48888671708e-12,2.79662671124e-06,0.00168804288755,1.07501409336e-08,1.15254432122e-09,0.00799343328107,2.08960115024e-11,0.990310835666,4.84202850535e-06,3.75838585707e-08
422,1.38860174735e-09,0.00642065995351,0.982369095557,1.56343447987e-08,9.83915447414e-07,1.33702013409e-14,1.93674337605e-08,1.68510260096e-07,0.011209055673,2.63388365128e-15
423,1.95403814992e-09,5.80366694058e-06,1.56588093845e-06,0.999338907111,5.03158501296e-15,0.000394324835821,7.68733308468e-10,4.19286792434e-10,0.000256862149146,2.53321422275e-06
424,8.16774358319e-10,1.61591749798e-06,1.71402511233e-12,5.09103735543e-11,2.94412206356e-05,1.58411011092e-14,1.32973974276e-15,0.999883755601,7.25326002841e-05,1.26537908021e-05
425,8.91597364736e-11,0.956392349452,5.03666430163e-09,2.41991184603e-14,8.7261135891e-07,0.0157109800595,0.00330735683667,0.000109429338275,0.0244790061835,3.93309357953e-10
426,6.01370291196e-06,1.9466382523e-06,1.45242516529e-13,1.19938563608e-10,0.997720182744,0.00193512937678,3.0418523095e-05,1.37051470512e-06,0.000304922192822,1.61870536158e-08
427,2.49280362832e-06,2.11796753329e-05,0.801448692431,1.92670907002e-10,6.16285151844e-10,4.57289531446e-16,5.76991021046e-10,0.177660369398,0.0208672253895,3.89169183295e-08
428,0.999993928547,4.03096874086e-12,4.87148199488e-11,2.6102883254e-09,2.18583897013e-07,7.56038993797e-08,9.53559898428e-09,3.83011429449e-10,5.76464787959e-06,3.61017923166e-11
429,2.43388678528e-06,3.08149451113e-08,5.57565212493e-14,1.82931605617e-07,2.77115089899e-08,0.96154832375,0.000333565548562,1.502324939e-15,0.00230648404202,0.035808951315
430,1.16557584997e-09,8.74122140903e-07,0.0125731661601,0.000229872694135,2.80655239941e-07,0.00137899764898,3.19144534107e-05,7.56772604932e-15,0.985783482732,1.4103681068e-06
431,8.14172025188e-12,1.14345814537e-09,8.69668775119e-09,1.05791903484e-05,3.97026881467e-11,1.2528375145e-08,1.99822893862e-12,0.999989121312,2.66467568651e-07,1.0611285601e-08
432,8.13144153336e-09,1.4294745414e-09,0.944625498169,1.88686906172e-05,3.04733815848e-13,2.40529670355e-06,1.93243421919e-08,1.36098222448e-08,0.0553522276968,9.57651900127e-07
433,6.4465611185e-09,7.57943272032e-06,3.15373642243e-11,0.00436619192022,3.42338140958e-11,7.37704359931e-12,1.07874193883e-12,1.52036122548e-07,0.00257532594711,0.993050744143
434,4.46999587944e-14,0.119348211529,0.880431578815,9.32904623257e-11,5.25707265288e-05,4.93826766479e-27,6.96953806791e-14,2.89620803372e-06,0.000164742628213,2.8775181269e-15
435,2.67268580544e-13,0.000759560183761,0.999134965244,1.4293648814e-05,7.75165881399e-11,2.53734683221e-05,1.04519981706e-12,1.53620481223e-08,4.12023555153e-09,6.57878940783e-05
436,3.6034897491e-07,8.52709974412e-08,7.4479732062e-11,0.000109530087182,5.0578380545e-08,2.9661113966e-05,0.999639327665,2.62118182088e-10,0.000216967448065,4.01715096859e-06
437,7.42950188414e-07,6.1970685849e-06,0.999400499788,2.44135018801e-08,8.09374444294e-15,7.94426834536e-10,7.15224011609e-20,8.71109637737e-08,1.93326136576e-07,0.000592254547738
438,0.00286281805396,4.2505640489e-09,0.0310919627275,1.18011766297e-13,3.39735085227e-09,0.966045192874,2.68702677485e-11,1.57215315627e-08,2.94852865133e-09,1.7931377671e-14
439,4.10156000379e-08,2.03714447505e-06,0.018251002439,4.69806562122e-08,5.86784082074e-06,3.19912852995e-15,1.5473861236e-14,0.98174015941,8.44871288221e-07,2.98480151119e-10
440,6.03665985031e-11,3.13658580544e-10,3.43407717196e-08,0.00045830481003,3.72286662969e-10,1.62329554849e-09,1.46077846323e-06,6.13593278506e-11,0.999186044354,0.000354153285727
441,4.01357246762e-07,2.09124044403e-07,1.88990472445e-08,8.6656694209e-10,0.00117403740327,1.53676646845e-06,0.995292353221,4.61405398249e-12,0.00353144235732,1.45420508664e-19
442,2.56281419802e-07,2.68553256719e-07,3.23947663249e-08,5.50455299701e-05,6.07622060733e-12,1.82882360994e-06,2.42267034689e-14,7.52229651704e-11,6.3344647849e-05,0.999879223688
443,6.83912516103e-13,0.991434645698,5.39736844928e-07,2.72760848079e-11,3.85203790624e-10,3.94628988453e-15,2.30711681325e-16,0.00406671272715,0.00449810110915,3.15568043583e-10
444,9.75120943929e-10,0.000417334170789,1.54889207142e-07,0.495091545772,1.39507238764e-12,0.496540606005,2.51405781192e-07,5.28548112778e-13,8.13259194781e-05,0.00786878085976
445,0.99903235583,7.47710132116e-07,1.84966039181e-07,1.35760589047e-11,4.52011239033e-06,4.18151658215e-07,0.00092626317505,1.64485186637e-10,6.64993535037e-06,2.8859941539e-05
446,0.0128765941781,1.34563458569e-10,1.22682546439e-09,0.000683198577037,3.57404660299e-09,3.5211981203e-05,3.21997016169e-10,6.01253346675e-08,0.00607931191489,0.980325617966
447,2.64063360584e-08,8.30416377199e-07,0.00105111866891,4.27440187985e-10,5.26979796188e-07,1.38693555067e-10,2.54833511197e-08,3.46379746325e-05,0.998911285335,1.548169773e-06
448,5.62901222518e-13,0.991832170146,3.75999621699e-09,1.37914681655e-12,7.69171654833e-07,1.01858354093e-05,9.90520308972e-06,7.48038587499e-11,0.00814696519754,6.09957987757e-10
449,2.0061213988e-12,9.30535080993e-10,0.00735793982963,0.992626863484,3.14084152996e-16,2.31609281454e-07,3.3967563476e-08,1.25882989095e-08,1.35265580747e-05,1.39103019854e-06
